,Image Name,Image Value
0,Below_A (1),A
1,Front_A (1),A
2,Left_A (1),A
3,Right_A (1),A
4,Below_A (2),A
5,Front_A (2),A
6,Left_A (2),A
7,Right_A (2),A
8,Below_A (3),A
9,Front_A (3),A
10,Left_A (3),A
11,Right_A (3),A
12,Below_A (4),A
13,Front_A (4),A
14,Left_A (4),A
15,Right_A (4),A
16,Below_A (5),A
17,Front_A (5),A
18,Left_A (5),A
19,Right_A (5),A
20,Below_A (6),A
21,Front_A (6),A
22,Left_A (6),A
23,Right_A (6),A
24,Below_A (7),A
25,Front_A (7),A
26,Left_A (7),A
27,Right_A (7),A
28,Below_A (8),A
29,Front_A (8),A
30,Left_A (8),A
31,Right_A (8),A
32,Below_A (9),A
33,Front_A (9),A
34,Left_A (9),A
35,Right_A (9),A
36,Below_A (10),A
37,Front_A (10),A
38,Left_A (10),A
39,Right_A (10),A
40,Below_A (11),A
41,Front_A (11),A
42,Left_A (11),A
43,Right_A (11),A
44,Below_A (12),A
45,Front_A (12),A
46,Left_A (12),A
47,Right_A (12),A
48,Below_A (13),A
49,Front_A (13),A
50,Left_A (13),A
51,Right_A (13),A
52,Below_A (14),A
53,Front_A (14),A
54,Left_A (14),A
55,Right_A (14),A
56,Below_A (15),A
57,Front_A (15),A
58,Left_A (15),A
59,Right_A (15),A
60,Below_A (16),A
61,Front_A (16),A
62,Left_A (16),A
63,Right_A (16),A
64,Below_A (17),A
65,Front_A (17),A
66,Left_A (17),A
67,Right_A (17),A
68,Below_A (18),A
69,Front_A (18),A
70,Left_A (18),A
71,Right_A (18),A
72,Below_A (19),A
73,Front_A (19),A
74,Left_A (19),A
75,Right_A (19),A
76,Below_A (20),A
77,Front_A (20),A
78,Left_A (20),A
79,Right_A (20),A
80,Below_A (21),A
81,Front_A (21),A
82,Left_A (21),A
83,Right_A (21),A
84,Below_A (22),A
85,Front_A (22),A
86,Left_A (22),A
87,Right_A (22),A
88,Below_A (23),A
89,Front_A (23),A
90,Left_A (23),A
91,Right_A (23),A
92,Below_A (24),A
93,Front_A (24),A
94,Left_A (24),A
95,Right_A (24),A
96,Below_A (25),A
97,Front_A (25),A
98,Left_A (25),A
99,Right_A (25),A
100,Below_A (26),A
101,Front_A (26),A
102,Left_A (26),A
103,Right_A (26),A
104,Below_A (27),A
105,Front_A (27),A
106,Left_A (27),A
107,Right_A (27),A
108,Below_A (28),A
109,Front_A (28),A
110,Left_A (28),A
111,Right_A (28),A
112,Below_A (29),A
113,Front_A (29),A
114,Left_A (29),A
115,Right_A (29),A
116,Below_A (30),A
117,Front_A (30),A
118,Left_A (30),A
119,Right_A (30),A
120,Below_A (31),A
121,Front_A (31),A
122,Left_A (31),A
123,Right_A (31),A
124,Below_A (32),A
125,Front_A (32),A
126,Left_A (32),A
127,Right_A (32),A
128,Below_A (33),A
129,Front_A (33),A
130,Left_A (33),A
131,Right_A (33),A
132,Below_A (34),A
133,Front_A (34),A
134,Left_A (34),A
135,Right_A (34),A
136,Below_A (35),A
137,Front_A (35),A
138,Left_A (35),A
139,Right_A (35),A
140,Below_A (36),A
141,Front_A (36),A
142,Left_A (36),A
143,Right_A (36),A
144,Below_A (37),A
145,Front_A (37),A
146,Left_A (37),A
147,Right_A (37),A
148,Below_A (38),A
149,Front_A (38),A
150,Left_A (38),A
151,Right_A (38),A
152,Below_A (39),A
153,Front_A (39),A
154,Left_A (39),A
155,Right_A (39),A
156,Below_A (40),A
157,Front_A (40),A
158,Left_A (40),A
159,Right_A (40),A
160,Below_B (1),B
161,Front_B (1),B
162,Left_B (1),B
163,Right_B (1),B
164,Below_B (2),B
165,Front_B (2),B
166,Left_B (2),B
167,Right_B (2),B
168,Below_B (3),B
169,Front_B (3),B
170,Left_B (3),B
171,Right_B (3),B
172,Below_B (4),B
173,Front_B (4),B
174,Left_B (4),B
175,Right_B (4),B
176,Below_B (5),B
177,Front_B (5),B
178,Left_B (5),B
179,Right_B (5),B
180,Below_B (6),B
181,Front_B (6),B
182,Left_B (6),B
183,Right_B (6),B
184,Below_B (7),B
185,Front_B (7),B
186,Left_B (7),B
187,Right_B (7),B
188,Below_B (8),B
189,Front_B (8),B
190,Left_B (8),B
191,Right_B (8),B
192,Below_B (9),B
193,Front_B (9),B
194,Left_B (9),B
195,Right_B (9),B
196,Below_B (10),B
197,Front_B (10),B
198,Left_B (10),B
199,Right_B (10),B
200,Below_B (11),B
201,Front_B (11),B
202,Left_B (11),B
203,Right_B (11),B
204,Below_B (12),B
205,Front_B (12),B
206,Left_B (12),B
207,Right_B (12),B
208,Below_B (13),B
209,Front_B (13),B
210,Left_B (13),B
211,Right_B (13),B
212,Below_B (14),B
213,Front_B (14),B
214,Left_B (14),B
215,Right_B (14),B
216,Below_B (15),B
217,Front_B (15),B
218,Left_B (15),B
219,Right_B (15),B
220,Below_B (16),B
221,Front_B (16),B
222,Left_B (16),B
223,Right_B (16),B
224,Below_B (17),B
225,Front_B (17),B
226,Left_B (17),B
227,Right_B (17),B
228,Below_B (18),B
229,Front_B (18),B
230,Left_B (18),B
231,Right_B (18),B
232,Below_B (19),B
233,Front_B (19),B
234,Left_B (19),B
235,Right_B (19),B
236,Below_B (20),B
237,Front_B (20),B
238,Left_B (20),B
239,Right_B (20),B
240,Below_B (21),B
241,Front_B (21),B
242,Left_B (21),B
243,Right_B (21),B
244,Below_B (22),B
245,Front_B (22),B
246,Left_B (22),B
247,Right_B (22),B
248,Below_B (23),B
249,Front_B (23),B
250,Left_B (23),B
251,Right_B (23),B
252,Below_B (24),B
253,Front_B (24),B
254,Left_B (24),B
255,Right_B (24),B
256,Below_B (25),B
257,Front_B (25),B
258,Left_B (25),B
259,Right_B (25),B
260,Below_B (26),B
261,Front_B (26),B
262,Left_B (26),B
263,Right_B (26),B
264,Below_B (27),B
265,Front_B (27),B
266,Left_B (27),B
267,Right_B (27),B
268,Below_B (28),B
269,Front_B (28),B
270,Left_B (28),B
271,Right_B (28),B
272,Below_B (29),B
273,Front_B (29),B
274,Left_B (29),B
275,Right_B (29),B
276,Below_B (30),B
277,Front_B (30),B
278,Left_B (30),B
279,Right_B (30),B
280,Below_B (31),B
281,Front_B (31),B
282,Left_B (31),B
283,Right_B (31),B
284,Below_B (32),B
285,Front_B (32),B
286,Left_B (32),B
287,Right_B (32),B
288,Below_B (33),B
289,Front_B (33),B
290,Left_B (33),B
291,Right_B (33),B
292,Below_B (34),B
293,Front_B (34),B
294,Left_B (34),B
295,Right_B (34),B
296,Below_B (35),B
297,Front_B (35),B
298,Left_B (35),B
299,Right_B (35),B
300,Below_B (36),B
301,Front_B (36),B
302,Left_B (36),B
303,Right_B (36),B
304,Below_B (37),B
305,Front_B (37),B
306,Left_B (37),B
307,Right_B (37),B
308,Below_B (38),B
309,Front_B (38),B
310,Left_B (38),B
311,Right_B (38),B
312,Below_B (39),B
313,Front_B (39),B
314,Left_B (39),B
315,Right_B (39),B
316,Below_B (40),B
317,Front_B (40),B
318,Left_B (40),B
319,Right_B (40),B
320,Below_C (1),C
321,Front_C (1),C
322,Left_C (1),C
323,Right_C (1),C
324,Below_C (2),C
325,Front_C (2),C
326,Left_C (2),C
327,Right_C (2),C
328,Below_C (3),C
329,Front_C (3),C
330,Left_C (3),C
331,Right_C (3),C
332,Below_C (4),C
333,Front_C (4),C
334,Left_C (4),C
335,Right_C (4),C
336,Below_C (5),C
337,Front_C (5),C
338,Left_C (5),C
339,Right_C (5),C
340,Below_C (6),C
341,Front_C (6),C
342,Left_C (6),C
343,Right_C (6),C
344,Below_C (7),C
345,Front_C (7),C
346,Left_C (7),C
347,Right_C (7),C
348,Below_C (8),C
349,Front_C (8),C
350,Left_C (8),C
351,Right_C (8),C
352,Below_C (9),C
353,Front_C (9),C
354,Left_C (9),C
355,Right_C (9),C
356,Below_C (10),C
357,Front_C (10),C
358,Left_C (10),C
359,Right_C (10),C
360,Below_C (11),C
361,Front_C (11),C
362,Left_C (11),C
363,Right_C (11),C
364,Below_C (12),C
365,Front_C (12),C
366,Left_C (12),C
367,Right_C (12),C
368,Below_C (13),C
369,Front_C (13),C
370,Left_C (13),C
371,Right_C (13),C
372,Below_C (14),C
373,Front_C (14),C
374,Left_C (14),C
375,Right_C (14),C
376,Below_C (15),C
377,Front_C (15),C
378,Left_C (15),C
379,Right_C (15),C
380,Below_C (16),C
381,Front_C (16),C
382,Left_C (16),C
383,Right_C (16),C
384,Below_C (17),C
385,Front_C (17),C
386,Left_C (17),C
387,Right_C (17),C
388,Below_C (18),C
389,Front_C (18),C
390,Left_C (18),C
391,Right_C (18),C
392,Below_C (19),C
393,Front_C (19),C
394,Left_C (19),C
395,Right_C (19),C
396,Below_C (20),C
397,Front_C (20),C
398,Left_C (20),C
399,Right_C (20),C
400,Below_C (21),C
401,Front_C (21),C
402,Left_C (21),C
403,Right_C (21),C
404,Below_C (22),C
405,Front_C (22),C
406,Left_C (22),C
407,Right_C (22),C
408,Below_C (23),C
409,Front_C (23),C
410,Left_C (23),C
411,Right_C (23),C
412,Below_C (24),C
413,Front_C (24),C
414,Left_C (24),C
415,Right_C (24),C
416,Below_C (25),C
417,Front_C (25),C
418,Left_C (25),C
419,Right_C (25),C
420,Below_C (26),C
421,Front_C (26),C
422,Left_C (26),C
423,Right_C (26),C
424,Below_C (27),C
425,Front_C (27),C
426,Left_C (27),C
427,Right_C (27),C
428,Below_C (28),C
429,Front_C (28),C
430,Left_C (28),C
431,Right_C (28),C
432,Below_C (29),C
433,Front_C (29),C
434,Left_C (29),C
435,Right_C (29),C
436,Below_C (30),C
437,Front_C (30),C
438,Left_C (30),C
439,Right_C (30),C
440,Below_C (31),C
441,Front_C (31),C
442,Left_C (31),C
443,Right_C (31),C
444,Below_C (32),C
445,Front_C (32),C
446,Left_C (32),C
447,Right_C (32),C
448,Below_C (33),C
449,Front_C (33),C
450,Left_C (33),C
451,Right_C (33),C
452,Below_C (34),C
453,Front_C (34),C
454,Left_C (34),C
455,Right_C (34),C
456,Below_C (35),C
457,Front_C (35),C
458,Left_C (35),C
459,Right_C (35),C
460,Below_C (36),C
461,Front_C (36),C
462,Left_C (36),C
463,Right_C (36),C
464,Below_C (37),C
465,Front_C (37),C
466,Left_C (37),C
467,Right_C (37),C
468,Below_C (38),C
469,Front_C (38),C
470,Left_C (38),C
471,Right_C (38),C
472,Below_C (39),C
473,Front_C (39),C
474,Left_C (39),C
475,Right_C (39),C
476,Below_C (40),C
477,Front_C (40),C
478,Left_C (40),C
479,Right_C (40),C
480,Below_D (1),D
481,Front_D (1),D
482,Left_D (1),D
483,Right_D (1),D
484,Below_D (2),D
485,Front_D (2),D
486,Left_D (2),D
487,Right_D (2),D
488,Below_D (3),D
489,Front_D (3),D
490,Left_D (3),D
491,Right_D (3),D
492,Below_D (4),D
493,Front_D (4),D
494,Left_D (4),D
495,Right_D (4),D
496,Below_D (5),D
497,Front_D (5),D
498,Left_D (5),D
499,Right_D (5),D
500,Below_D (6),D
501,Front_D (6),D
502,Left_D (6),D
503,Right_D (6),D
504,Below_D (7),D
505,Front_D (7),D
506,Left_D (7),D
507,Right_D (7),D
508,Below_D (8),D
509,Front_D (8),D
510,Left_D (8),D
511,Right_D (8),D
512,Below_D (9),D
513,Front_D (9),D
514,Left_D (9),D
515,Right_D (9),D
516,Below_D (10),D
517,Front_D (10),D
518,Left_D (10),D
519,Right_D (10),D
520,Below_D (11),D
521,Front_D (11),D
522,Left_D (11),D
523,Right_D (11),D
524,Below_D (12),D
525,Front_D (12),D
526,Left_D (12),D
527,Right_D (12),D
528,Below_D (13),D
529,Front_D (13),D
530,Left_D (13),D
531,Right_D (13),D
532,Below_D (14),D
533,Front_D (14),D
534,Left_D (14),D
535,Right_D (14),D
536,Below_D (15),D
537,Front_D (15),D
538,Left_D (15),D
539,Right_D (15),D
540,Below_D (16),D
541,Front_D (16),D
542,Left_D (16),D
543,Right_D (16),D
544,Below_D (17),D
545,Front_D (17),D
546,Left_D (17),D
547,Right_D (17),D
548,Below_D (18),D
549,Front_D (18),D
550,Left_D (18),D
551,Right_D (18),D
552,Below_D (19),D
553,Front_D (19),D
554,Left_D (19),D
555,Right_D (19),D
556,Below_D (20),D
557,Front_D (20),D
558,Left_D (20),D
559,Right_D (20),D
560,Below_D (21),D
561,Front_D (21),D
562,Left_D (21),D
563,Right_D (21),D
564,Below_D (22),D
565,Front_D (22),D
566,Left_D (22),D
567,Right_D (22),D
568,Below_D (23),D
569,Front_D (23),D
570,Left_D (23),D
571,Right_D (23),D
572,Below_D (24),D
573,Front_D (24),D
574,Left_D (24),D
575,Right_D (24),D
576,Below_D (25),D
577,Front_D (25),D
578,Left_D (25),D
579,Right_D (25),D
580,Below_D (26),D
581,Front_D (26),D
582,Left_D (26),D
583,Right_D (26),D
584,Below_D (27),D
585,Front_D (27),D
586,Left_D (27),D
587,Right_D (27),D
588,Below_D (28),D
589,Front_D (28),D
590,Left_D (28),D
591,Right_D (28),D
592,Below_D (29),D
593,Front_D (29),D
594,Left_D (29),D
595,Right_D (29),D
596,Below_D (30),D
597,Front_D (30),D
598,Left_D (30),D
599,Right_D (30),D
600,Below_D (31),D
601,Front_D (31),D
602,Left_D (31),D
603,Right_D (31),D
604,Below_D (32),D
605,Front_D (32),D
606,Left_D (32),D
607,Right_D (32),D
608,Below_D (33),D
609,Front_D (33),D
610,Left_D (33),D
611,Right_D (33),D
612,Below_D (34),D
613,Front_D (34),D
614,Left_D (34),D
615,Right_D (34),D
616,Below_D (35),D
617,Front_D (35),D
618,Left_D (35),D
619,Right_D (35),D
620,Below_D (36),D
621,Front_D (36),D
622,Left_D (36),D
623,Right_D (36),D
624,Below_D (37),D
625,Front_D (37),D
626,Left_D (37),D
627,Right_D (37),D
628,Below_D (38),D
629,Front_D (38),D
630,Left_D (38),D
631,Right_D (38),D
632,Below_D (39),D
633,Front_D (39),D
634,Left_D (39),D
635,Right_D (39),D
636,Below_D (40),D
637,Front_D (40),D
638,Left_D (40),D
639,Right_D (40),D
640,Below_E (1),E
641,Front_E (1),E
642,Left_E (1),E
643,Right_E (1),E
644,Below_E (2),E
645,Front_E (2),E
646,Left_E (2),E
647,Right_E (2),E
648,Below_E (3),E
649,Front_E (3),E
650,Left_E (3),E
651,Right_E (3),E
652,Below_E (4),E
653,Front_E (4),E
654,Left_E (4),E
655,Right_E (4),E
656,Below_E (5),E
657,Front_E (5),E
658,Left_E (5),E
659,Right_E (5),E
660,Below_E (6),E
661,Front_E (6),E
662,Left_E (6),E
663,Right_E (6),E
664,Below_E (7),E
665,Front_E (7),E
666,Left_E (7),E
667,Right_E (7),E
668,Below_E (8),E
669,Front_E (8),E
670,Left_E (8),E
671,Right_E (8),E
672,Below_E (9),E
673,Front_E (9),E
674,Left_E (9),E
675,Right_E (9),E
676,Below_E (10),E
677,Front_E (10),E
678,Left_E (10),E
679,Right_E (10),E
680,Below_E (11),E
681,Front_E (11),E
682,Left_E (11),E
683,Right_E (11),E
684,Below_E (12),E
685,Front_E (12),E
686,Left_E (12),E
687,Right_E (12),E
688,Below_E (13),E
689,Front_E (13),E
690,Left_E (13),E
691,Right_E (13),E
692,Below_E (14),E
693,Front_E (14),E
694,Left_E (14),E
695,Right_E (14),E
696,Below_E (15),E
697,Front_E (15),E
698,Left_E (15),E
699,Right_E (15),E
700,Below_E (16),E
701,Front_E (16),E
702,Left_E (16),E
703,Right_E (16),E
704,Below_E (17),E
705,Front_E (17),E
706,Left_E (17),E
707,Right_E (17),E
708,Below_E (18),E
709,Front_E (18),E
710,Left_E (18),E
711,Right_E (18),E
712,Below_E (19),E
713,Front_E (19),E
714,Left_E (19),E
715,Right_E (19),E
716,Below_E (20),E
717,Front_E (20),E
718,Left_E (20),E
719,Right_E (20),E
720,Below_E (21),E
721,Front_E (21),E
722,Left_E (21),E
723,Right_E (21),E
724,Below_E (22),E
725,Front_E (22),E
726,Left_E (22),E
727,Right_E (22),E
728,Below_E (23),E
729,Front_E (23),E
730,Left_E (23),E
731,Right_E (23),E
732,Below_E (24),E
733,Front_E (24),E
734,Left_E (24),E
735,Right_E (24),E
736,Below_E (25),E
737,Front_E (25),E
738,Left_E (25),E
739,Right_E (25),E
740,Below_E (26),E
741,Front_E (26),E
742,Left_E (26),E
743,Right_E (26),E
744,Below_E (27),E
745,Front_E (27),E
746,Left_E (27),E
747,Right_E (27),E
748,Below_E (28),E
749,Front_E (28),E
750,Left_E (28),E
751,Right_E (28),E
752,Below_E (29),E
753,Front_E (29),E
754,Left_E (29),E
755,Right_E (29),E
756,Below_E (30),E
757,Front_E (30),E
758,Left_E (30),E
759,Right_E (30),E
760,Below_E (31),E
761,Front_E (31),E
762,Left_E (31),E
763,Right_E (31),E
764,Below_E (32),E
765,Front_E (32),E
766,Left_E (32),E
767,Right_E (32),E
768,Below_E (33),E
769,Front_E (33),E
770,Left_E (33),E
771,Right_E (33),E
772,Below_E (34),E
773,Front_E (34),E
774,Left_E (34),E
775,Right_E (34),E
776,Below_E (35),E
777,Front_E (35),E
778,Left_E (35),E
779,Right_E (35),E
780,Below_E (36),E
781,Front_E (36),E
782,Left_E (36),E
783,Right_E (36),E
784,Below_E (37),E
785,Front_E (37),E
786,Left_E (37),E
787,Right_E (37),E
788,Below_E (38),E
789,Front_E (38),E
790,Left_E (38),E
791,Right_E (38),E
792,Below_E (39),E
793,Front_E (39),E
794,Left_E (39),E
795,Right_E (39),E
796,Below_E (40),E
797,Front_E (40),E
798,Left_E (40),E
799,Right_E (40),E
800,Below_F (1),F
801,Front_F (1),F
802,Left_F (1),F
803,Right_F (1),F
804,Below_F (2),F
805,Front_F (2),F
806,Left_F (2),F
807,Right_F (2),F
808,Below_F (3),F
809,Front_F (3),F
810,Left_F (3),F
811,Right_F (3),F
812,Below_F (4),F
813,Front_F (4),F
814,Left_F (4),F
815,Right_F (4),F
816,Below_F (5),F
817,Front_F (5),F
818,Left_F (5),F
819,Right_F (5),F
820,Below_F (6),F
821,Front_F (6),F
822,Left_F (6),F
823,Right_F (6),F
824,Below_F (7),F
825,Front_F (7),F
826,Left_F (7),F
827,Right_F (7),F
828,Below_F (8),F
829,Front_F (8),F
830,Left_F (8),F
831,Right_F (8),F
832,Below_F (9),F
833,Front_F (9),F
834,Left_F (9),F
835,Right_F (9),F
836,Below_F (10),F
837,Front_F (10),F
838,Left_F (10),F
839,Right_F (10),F
840,Below_F (11),F
841,Front_F (11),F
842,Left_F (11),F
843,Right_F (11),F
844,Below_F (12),F
845,Front_F (12),F
846,Left_F (12),F
847,Right_F (12),F
848,Below_F (13),F
849,Front_F (13),F
850,Left_F (13),F
851,Right_F (13),F
852,Below_F (14),F
853,Front_F (14),F
854,Left_F (14),F
855,Right_F (14),F
856,Below_F (15),F
857,Front_F (15),F
858,Left_F (15),F
859,Right_F (15),F
860,Below_F (16),F
861,Front_F (16),F
862,Left_F (16),F
863,Right_F (16),F
864,Below_F (17),F
865,Front_F (17),F
866,Left_F (17),F
867,Right_F (17),F
868,Below_F (18),F
869,Front_F (18),F
870,Left_F (18),F
871,Right_F (18),F
872,Below_F (19),F
873,Front_F (19),F
874,Left_F (19),F
875,Right_F (19),F
876,Below_F (20),F
877,Front_F (20),F
878,Left_F (20),F
879,Right_F (20),F
880,Below_F (21),F
881,Front_F (21),F
882,Left_F (21),F
883,Right_F (21),F
884,Below_F (22),F
885,Front_F (22),F
886,Left_F (22),F
887,Right_F (22),F
888,Below_F (23),F
889,Front_F (23),F
890,Left_F (23),F
891,Right_F (23),F
892,Below_F (24),F
893,Front_F (24),F
894,Left_F (24),F
895,Right_F (24),F
896,Below_F (25),F
897,Front_F (25),F
898,Left_F (25),F
899,Right_F (25),F
900,Below_F (26),F
901,Front_F (26),F
902,Left_F (26),F
903,Right_F (26),F
904,Below_F (27),F
905,Front_F (27),F
906,Left_F (27),F
907,Right_F (27),F
908,Below_F (28),F
909,Front_F (28),F
910,Left_F (28),F
911,Right_F (28),F
912,Below_F (29),F
913,Front_F (29),F
914,Left_F (29),F
915,Right_F (29),F
916,Below_F (30),F
917,Front_F (30),F
918,Left_F (30),F
919,Right_F (30),F
920,Below_F (31),F
921,Front_F (31),F
922,Left_F (31),F
923,Right_F (31),F
924,Below_F (32),F
925,Front_F (32),F
926,Left_F (32),F
927,Right_F (32),F
928,Below_F (33),F
929,Front_F (33),F
930,Left_F (33),F
931,Right_F (33),F
932,Below_F (34),F
933,Front_F (34),F
934,Left_F (34),F
935,Right_F (34),F
936,Below_F (35),F
937,Front_F (35),F
938,Left_F (35),F
939,Right_F (35),F
940,Below_F (36),F
941,Front_F (36),F
942,Left_F (36),F
943,Right_F (36),F
944,Below_F (37),F
945,Front_F (37),F
946,Left_F (37),F
947,Right_F (37),F
948,Below_F (38),F
949,Front_F (38),F
950,Left_F (38),F
951,Right_F (38),F
952,Below_F (39),F
953,Front_F (39),F
954,Left_F (39),F
955,Right_F (39),F
956,Below_F (40),F
957,Front_F (40),F
958,Left_F (40),F
959,Right_F (40),F
960,Below_G (1),G
961,Front_G (1),G
962,Left_G (1),G
963,Right_G (1),G
964,Below_G (2),G
965,Front_G (2),G
966,Left_G (2),G
967,Right_G (2),G
968,Below_G (3),G
969,Front_G (3),G
970,Left_G (3),G
971,Right_G (3),G
972,Below_G (4),G
973,Front_G (4),G
974,Left_G (4),G
975,Right_G (4),G
976,Below_G (5),G
977,Front_G (5),G
978,Left_G (5),G
979,Right_G (5),G
980,Below_G (6),G
981,Front_G (6),G
982,Left_G (6),G
983,Right_G (6),G
984,Below_G (7),G
985,Front_G (7),G
986,Left_G (7),G
987,Right_G (7),G
988,Below_G (8),G
989,Front_G (8),G
990,Left_G (8),G
991,Right_G (8),G
992,Below_G (9),G
993,Front_G (9),G
994,Left_G (9),G
995,Right_G (9),G
996,Below_G (10),G
997,Front_G (10),G
998,Left_G (10),G
999,Right_G (10),G
1000,Below_G (11),G
1001,Front_G (11),G
1002,Left_G (11),G
1003,Right_G (11),G
1004,Below_G (12),G
1005,Front_G (12),G
1006,Left_G (12),G
1007,Right_G (12),G
1008,Below_G (13),G
1009,Front_G (13),G
1010,Left_G (13),G
1011,Right_G (13),G
1012,Below_G (14),G
1013,Front_G (14),G
1014,Left_G (14),G
1015,Right_G (14),G
1016,Below_G (15),G
1017,Front_G (15),G
1018,Left_G (15),G
1019,Right_G (15),G
1020,Below_G (16),G
1021,Front_G (16),G
1022,Left_G (16),G
1023,Right_G (16),G
1024,Below_G (17),G
1025,Front_G (17),G
1026,Left_G (17),G
1027,Right_G (17),G
1028,Below_G (18),G
1029,Front_G (18),G
1030,Left_G (18),G
1031,Right_G (18),G
1032,Below_G (19),G
1033,Front_G (19),G
1034,Left_G (19),G
1035,Right_G (19),G
1036,Below_G (20),G
1037,Front_G (20),G
1038,Left_G (20),G
1039,Right_G (20),G
1040,Below_G (21),G
1041,Front_G (21),G
1042,Left_G (21),G
1043,Right_G (21),G
1044,Below_G (22),G
1045,Front_G (22),G
1046,Left_G (22),G
1047,Right_G (22),G
1048,Below_G (23),G
1049,Front_G (23),G
1050,Left_G (23),G
1051,Right_G (23),G
1052,Below_G (24),G
1053,Front_G (24),G
1054,Left_G (24),G
1055,Right_G (24),G
1056,Below_G (25),G
1057,Front_G (25),G
1058,Left_G (25),G
1059,Right_G (25),G
1060,Below_G (26),G
1061,Front_G (26),G
1062,Left_G (26),G
1063,Right_G (26),G
1064,Below_G (27),G
1065,Front_G (27),G
1066,Left_G (27),G
1067,Right_G (27),G
1068,Below_G (28),G
1069,Front_G (28),G
1070,Left_G (28),G
1071,Right_G (28),G
1072,Below_G (29),G
1073,Front_G (29),G
1074,Left_G (29),G
1075,Right_G (29),G
1076,Below_G (30),G
1077,Front_G (30),G
1078,Left_G (30),G
1079,Right_G (30),G
1080,Below_G (31),G
1081,Front_G (31),G
1082,Left_G (31),G
1083,Right_G (31),G
1084,Below_G (32),G
1085,Front_G (32),G
1086,Left_G (32),G
1087,Right_G (32),G
1088,Below_G (33),G
1089,Front_G (33),G
1090,Left_G (33),G
1091,Right_G (33),G
1092,Below_G (34),G
1093,Front_G (34),G
1094,Left_G (34),G
1095,Right_G (34),G
1096,Below_G (35),G
1097,Front_G (35),G
1098,Left_G (35),G
1099,Right_G (35),G
1100,Below_G (36),G
1101,Front_G (36),G
1102,Left_G (36),G
1103,Right_G (36),G
1104,Below_G (37),G
1105,Front_G (37),G
1106,Left_G (37),G
1107,Right_G (37),G
1108,Below_G (38),G
1109,Front_G (38),G
1110,Left_G (38),G
1111,Right_G (38),G
1112,Below_G (39),G
1113,Front_G (39),G
1114,Left_G (39),G
1115,Right_G (39),G
1116,Below_G (40),G
1117,Front_G (40),G
1118,Left_G (40),G
1119,Right_G (40),G
1120,Below_H (1),H
1121,Front_H (1),H
1122,Left_H (1),H
1123,Right_H (1),H
1124,Below_H (2),H
1125,Front_H (2),H
1126,Left_H (2),H
1127,Right_H (2),H
1128,Below_H (3),H
1129,Front_H (3),H
1130,Left_H (3),H
1131,Right_H (3),H
1132,Below_H (4),H
1133,Front_H (4),H
1134,Left_H (4),H
1135,Right_H (4),H
1136,Below_H (5),H
1137,Front_H (5),H
1138,Left_H (5),H
1139,Right_H (5),H
1140,Below_H (6),H
1141,Front_H (6),H
1142,Left_H (6),H
1143,Right_H (6),H
1144,Below_H (7),H
1145,Front_H (7),H
1146,Left_H (7),H
1147,Right_H (7),H
1148,Below_H (8),H
1149,Front_H (8),H
1150,Left_H (8),H
1151,Right_H (8),H
1152,Below_H (9),H
1153,Front_H (9),H
1154,Left_H (9),H
1155,Right_H (9),H
1156,Below_H (10),H
1157,Front_H (10),H
1158,Left_H (10),H
1159,Right_H (10),H
1160,Below_H (11),H
1161,Front_H (11),H
1162,Left_H (11),H
1163,Right_H (11),H
1164,Below_H (12),H
1165,Front_H (12),H
1166,Left_H (12),H
1167,Right_H (12),H
1168,Below_H (13),H
1169,Front_H (13),H
1170,Left_H (13),H
1171,Right_H (13),H
1172,Below_H (14),H
1173,Front_H (14),H
1174,Left_H (14),H
1175,Right_H (14),H
1176,Below_H (15),H
1177,Front_H (15),H
1178,Left_H (15),H
1179,Right_H (15),H
1180,Below_H (16),H
1181,Front_H (16),H
1182,Left_H (16),H
1183,Right_H (16),H
1184,Below_H (17),H
1185,Front_H (17),H
1186,Left_H (17),H
1187,Right_H (17),H
1188,Below_H (18),H
1189,Front_H (18),H
1190,Left_H (18),H
1191,Right_H (18),H
1192,Below_H (19),H
1193,Front_H (19),H
1194,Left_H (19),H
1195,Right_H (19),H
1196,Below_H (20),H
1197,Front_H (20),H
1198,Left_H (20),H
1199,Right_H (20),H
1200,Below_H (21),H
1201,Front_H (21),H
1202,Left_H (21),H
1203,Right_H (21),H
1204,Below_H (22),H
1205,Front_H (22),H
1206,Left_H (22),H
1207,Right_H (22),H
1208,Below_H (23),H
1209,Front_H (23),H
1210,Left_H (23),H
1211,Right_H (23),H
1212,Below_H (24),H
1213,Front_H (24),H
1214,Left_H (24),H
1215,Right_H (24),H
1216,Below_H (25),H
1217,Front_H (25),H
1218,Left_H (25),H
1219,Right_H (25),H
1220,Below_H (26),H
1221,Front_H (26),H
1222,Left_H (26),H
1223,Right_H (26),H
1224,Below_H (27),H
1225,Front_H (27),H
1226,Left_H (27),H
1227,Right_H (27),H
1228,Below_H (28),H
1229,Front_H (28),H
1230,Left_H (28),H
1231,Right_H (28),H
1232,Below_H (29),H
1233,Front_H (29),H
1234,Left_H (29),H
1235,Right_H (29),H
1236,Below_H (30),H
1237,Front_H (30),H
1238,Left_H (30),H
1239,Right_H (30),H
1240,Below_H (31),H
1241,Front_H (31),H
1242,Left_H (31),H
1243,Right_H (31),H
1244,Below_H (32),H
1245,Front_H (32),H
1246,Left_H (32),H
1247,Right_H (32),H
1248,Below_H (33),H
1249,Front_H (33),H
1250,Left_H (33),H
1251,Right_H (33),H
1252,Below_H (34),H
1253,Front_H (34),H
1254,Left_H (34),H
1255,Right_H (34),H
1256,Below_H (35),H
1257,Front_H (35),H
1258,Left_H (35),H
1259,Right_H (35),H
1260,Below_H (36),H
1261,Front_H (36),H
1262,Left_H (36),H
1263,Right_H (36),H
1264,Below_H (37),H
1265,Front_H (37),H
1266,Left_H (37),H
1267,Right_H (37),H
1268,Below_H (38),H
1269,Front_H (38),H
1270,Left_H (38),H
1271,Right_H (38),H
1272,Below_H (39),H
1273,Front_H (39),H
1274,Left_H (39),H
1275,Right_H (39),H
1276,Below_H (40),H
1277,Front_H (40),H
1278,Left_H (40),H
1279,Right_H (40),H
1280,Below_I (1),I
1281,Front_I (1),I
1282,Left_I (1),I
1283,Right_I (1),I
1284,Below_I (2),I
1285,Front_I (2),I
1286,Left_I (2),I
1287,Right_I (2),I
1288,Below_I (3),I
1289,Front_I (3),I
1290,Left_I (3),I
1291,Right_I (3),I
1292,Below_I (4),I
1293,Front_I (4),I
1294,Left_I (4),I
1295,Right_I (4),I
1296,Below_I (5),I
1297,Front_I (5),I
1298,Left_I (5),I
1299,Right_I (5),I
1300,Below_I (6),I
1301,Front_I (6),I
1302,Left_I (6),I
1303,Right_I (6),I
1304,Below_I (7),I
1305,Front_I (7),I
1306,Left_I (7),I
1307,Right_I (7),I
1308,Below_I (8),I
1309,Front_I (8),I
1310,Left_I (8),I
1311,Right_I (8),I
1312,Below_I (9),I
1313,Front_I (9),I
1314,Left_I (9),I
1315,Right_I (9),I
1316,Below_I (10),I
1317,Front_I (10),I
1318,Left_I (10),I
1319,Right_I (10),I
1320,Below_I (11),I
1321,Front_I (11),I
1322,Left_I (11),I
1323,Right_I (11),I
1324,Below_I (12),I
1325,Front_I (12),I
1326,Left_I (12),I
1327,Right_I (12),I
1328,Below_I (13),I
1329,Front_I (13),I
1330,Left_I (13),I
1331,Right_I (13),I
1332,Below_I (14),I
1333,Front_I (14),I
1334,Left_I (14),I
1335,Right_I (14),I
1336,Below_I (15),I
1337,Front_I (15),I
1338,Left_I (15),I
1339,Right_I (15),I
1340,Below_I (16),I
1341,Front_I (16),I
1342,Left_I (16),I
1343,Right_I (16),I
1344,Below_I (17),I
1345,Front_I (17),I
1346,Left_I (17),I
1347,Right_I (17),I
1348,Below_I (18),I
1349,Front_I (18),I
1350,Left_I (18),I
1351,Right_I (18),I
1352,Below_I (19),I
1353,Front_I (19),I
1354,Left_I (19),I
1355,Right_I (19),I
1356,Below_I (20),I
1357,Front_I (20),I
1358,Left_I (20),I
1359,Right_I (20),I
1360,Below_I (21),I
1361,Front_I (21),I
1362,Left_I (21),I
1363,Right_I (21),I
1364,Below_I (22),I
1365,Front_I (22),I
1366,Left_I (22),I
1367,Right_I (22),I
1368,Below_I (23),I
1369,Front_I (23),I
1370,Left_I (23),I
1371,Right_I (23),I
1372,Below_I (24),I
1373,Front_I (24),I
1374,Left_I (24),I
1375,Right_I (24),I
1376,Below_I (25),I
1377,Front_I (25),I
1378,Left_I (25),I
1379,Right_I (25),I
1380,Below_I (26),I
1381,Front_I (26),I
1382,Left_I (26),I
1383,Right_I (26),I
1384,Below_I (27),I
1385,Front_I (27),I
1386,Left_I (27),I
1387,Right_I (27),I
1388,Below_I (28),I
1389,Front_I (28),I
1390,Left_I (28),I
1391,Right_I (28),I
1392,Below_I (29),I
1393,Front_I (29),I
1394,Left_I (29),I
1395,Right_I (29),I
1396,Below_I (30),I
1397,Front_I (30),I
1398,Left_I (30),I
1399,Right_I (30),I
1400,Below_I (31),I
1401,Front_I (31),I
1402,Left_I (31),I
1403,Right_I (31),I
1404,Below_I (32),I
1405,Front_I (32),I
1406,Left_I (32),I
1407,Right_I (32),I
1408,Below_I (33),I
1409,Front_I (33),I
1410,Left_I (33),I
1411,Right_I (33),I
1412,Below_I (34),I
1413,Front_I (34),I
1414,Left_I (34),I
1415,Right_I (34),I
1416,Below_I (35),I
1417,Front_I (35),I
1418,Left_I (35),I
1419,Right_I (35),I
1420,Below_I (36),I
1421,Front_I (36),I
1422,Left_I (36),I
1423,Right_I (36),I
1424,Below_I (37),I
1425,Front_I (37),I
1426,Left_I (37),I
1427,Right_I (37),I
1428,Below_I (38),I
1429,Front_I (38),I
1430,Left_I (38),I
1431,Right_I (38),I
1432,Below_I (39),I
1433,Front_I (39),I
1434,Left_I (39),I
1435,Right_I (39),I
1436,Below_I (40),I
1437,Front_I (40),I
1438,Left_I (40),I
1439,Right_I (40),I
1440,Below_J (1),J
1441,Front_J (1),J
1442,Left_J (1),J
1443,Right_J (1),J
1444,Below_J (2),J
1445,Front_J (2),J
1446,Left_J (2),J
1447,Right_J (2),J
1448,Below_J (3),J
1449,Front_J (3),J
1450,Left_J (3),J
1451,Right_J (3),J
1452,Below_J (4),J
1453,Front_J (4),J
1454,Left_J (4),J
1455,Right_J (4),J
1456,Below_J (5),J
1457,Front_J (5),J
1458,Left_J (5),J
1459,Right_J (5),J
1460,Below_J (6),J
1461,Front_J (6),J
1462,Left_J (6),J
1463,Right_J (6),J
1464,Below_J (7),J
1465,Front_J (7),J
1466,Left_J (7),J
1467,Right_J (7),J
1468,Below_J (8),J
1469,Front_J (8),J
1470,Left_J (8),J
1471,Right_J (8),J
1472,Below_J (9),J
1473,Front_J (9),J
1474,Left_J (9),J
1475,Right_J (9),J
1476,Below_J (10),J
1477,Front_J (10),J
1478,Left_J (10),J
1479,Right_J (10),J
1480,Below_J (11),J
1481,Front_J (11),J
1482,Left_J (11),J
1483,Right_J (11),J
1484,Below_J (12),J
1485,Front_J (12),J
1486,Left_J (12),J
1487,Right_J (12),J
1488,Below_J (13),J
1489,Front_J (13),J
1490,Left_J (13),J
1491,Right_J (13),J
1492,Below_J (14),J
1493,Front_J (14),J
1494,Left_J (14),J
1495,Right_J (14),J
1496,Below_J (15),J
1497,Front_J (15),J
1498,Left_J (15),J
1499,Right_J (15),J
1500,Below_J (16),J
1501,Front_J (16),J
1502,Left_J (16),J
1503,Right_J (16),J
1504,Below_J (17),J
1505,Front_J (17),J
1506,Left_J (17),J
1507,Right_J (17),J
1508,Below_J (18),J
1509,Front_J (18),J
1510,Left_J (18),J
1511,Right_J (18),J
1512,Below_J (19),J
1513,Front_J (19),J
1514,Left_J (19),J
1515,Right_J (19),J
1516,Below_J (20),J
1517,Front_J (20),J
1518,Left_J (20),J
1519,Right_J (20),J
1520,Below_J (21),J
1521,Front_J (21),J
1522,Left_J (21),J
1523,Right_J (21),J
1524,Below_J (22),J
1525,Front_J (22),J
1526,Left_J (22),J
1527,Right_J (22),J
1528,Below_J (23),J
1529,Front_J (23),J
1530,Left_J (23),J
1531,Right_J (23),J
1532,Below_J (24),J
1533,Front_J (24),J
1534,Left_J (24),J
1535,Right_J (24),J
1536,Below_J (25),J
1537,Front_J (25),J
1538,Left_J (25),J
1539,Right_J (25),J
1540,Below_J (26),J
1541,Front_J (26),J
1542,Left_J (26),J
1543,Right_J (26),J
1544,Below_J (27),J
1545,Front_J (27),J
1546,Left_J (27),J
1547,Right_J (27),J
1548,Below_J (28),J
1549,Front_J (28),J
1550,Left_J (28),J
1551,Right_J (28),J
1552,Below_J (29),J
1553,Front_J (29),J
1554,Left_J (29),J
1555,Right_J (29),J
1556,Below_J (30),J
1557,Front_J (30),J
1558,Left_J (30),J
1559,Right_J (30),J
1560,Below_J (31),J
1561,Front_J (31),J
1562,Left_J (31),J
1563,Right_J (31),J
1564,Below_J (32),J
1565,Front_J (32),J
1566,Left_J (32),J
1567,Right_J (32),J
1568,Below_J (33),J
1569,Front_J (33),J
1570,Left_J (33),J
1571,Right_J (33),J
1572,Below_J (34),J
1573,Front_J (34),J
1574,Left_J (34),J
1575,Right_J (34),J
1576,Below_J (35),J
1577,Front_J (35),J
1578,Left_J (35),J
1579,Right_J (35),J
1580,Below_J (36),J
1581,Front_J (36),J
1582,Left_J (36),J
1583,Right_J (36),J
1584,Below_J (37),J
1585,Front_J (37),J
1586,Left_J (37),J
1587,Right_J (37),J
1588,Below_J (38),J
1589,Front_J (38),J
1590,Left_J (38),J
1591,Right_J (38),J
1592,Below_J (39),J
1593,Front_J (39),J
1594,Left_J (39),J
1595,Right_J (39),J
1596,Below_J (40),J
1597,Front_J (40),J
1598,Left_J (40),J
1599,Right_J (40),J
1600,Below_K (1),K
1601,Front_K (1),K
1602,Left_K (1),K
1603,Right_K (1),K
1604,Below_K (2),K
1605,Front_K (2),K
1606,Left_K (2),K
1607,Right_K (2),K
1608,Below_K (3),K
1609,Front_K (3),K
1610,Left_K (3),K
1611,Right_K (3),K
1612,Below_K (4),K
1613,Front_K (4),K
1614,Left_K (4),K
1615,Right_K (4),K
1616,Below_K (5),K
1617,Front_K (5),K
1618,Left_K (5),K
1619,Right_K (5),K
1620,Below_K (6),K
1621,Front_K (6),K
1622,Left_K (6),K
1623,Right_K (6),K
1624,Below_K (7),K
1625,Front_K (7),K
1626,Left_K (7),K
1627,Right_K (7),K
1628,Below_K (8),K
1629,Front_K (8),K
1630,Left_K (8),K
1631,Right_K (8),K
1632,Below_K (9),K
1633,Front_K (9),K
1634,Left_K (9),K
1635,Right_K (9),K
1636,Below_K (10),K
1637,Front_K (10),K
1638,Left_K (10),K
1639,Right_K (10),K
1640,Below_K (11),K
1641,Front_K (11),K
1642,Left_K (11),K
1643,Right_K (11),K
1644,Below_K (12),K
1645,Front_K (12),K
1646,Left_K (12),K
1647,Right_K (12),K
1648,Below_K (13),K
1649,Front_K (13),K
1650,Left_K (13),K
1651,Right_K (13),K
1652,Below_K (14),K
1653,Front_K (14),K
1654,Left_K (14),K
1655,Right_K (14),K
1656,Below_K (15),K
1657,Front_K (15),K
1658,Left_K (15),K
1659,Right_K (15),K
1660,Below_K (16),K
1661,Front_K (16),K
1662,Left_K (16),K
1663,Right_K (16),K
1664,Below_K (17),K
1665,Front_K (17),K
1666,Left_K (17),K
1667,Right_K (17),K
1668,Below_K (18),K
1669,Front_K (18),K
1670,Left_K (18),K
1671,Right_K (18),K
1672,Below_K (19),K
1673,Front_K (19),K
1674,Left_K (19),K
1675,Right_K (19),K
1676,Below_K (20),K
1677,Front_K (20),K
1678,Left_K (20),K
1679,Right_K (20),K
1680,Below_K (21),K
1681,Front_K (21),K
1682,Left_K (21),K
1683,Right_K (21),K
1684,Below_K (22),K
1685,Front_K (22),K
1686,Left_K (22),K
1687,Right_K (22),K
1688,Below_K (23),K
1689,Front_K (23),K
1690,Left_K (23),K
1691,Right_K (23),K
1692,Below_K (24),K
1693,Front_K (24),K
1694,Left_K (24),K
1695,Right_K (24),K
1696,Below_K (25),K
1697,Front_K (25),K
1698,Left_K (25),K
1699,Right_K (25),K
1700,Below_K (26),K
1701,Front_K (26),K
1702,Left_K (26),K
1703,Right_K (26),K
1704,Below_K (27),K
1705,Front_K (27),K
1706,Left_K (27),K
1707,Right_K (27),K
1708,Below_K (28),K
1709,Front_K (28),K
1710,Left_K (28),K
1711,Right_K (28),K
1712,Below_K (29),K
1713,Front_K (29),K
1714,Left_K (29),K
1715,Right_K (29),K
1716,Below_K (30),K
1717,Front_K (30),K
1718,Left_K (30),K
1719,Right_K (30),K
1720,Below_K (31),K
1721,Front_K (31),K
1722,Left_K (31),K
1723,Right_K (31),K
1724,Below_K (32),K
1725,Front_K (32),K
1726,Left_K (32),K
1727,Right_K (32),K
1728,Below_K (33),K
1729,Front_K (33),K
1730,Left_K (33),K
1731,Right_K (33),K
1732,Below_K (34),K
1733,Front_K (34),K
1734,Left_K (34),K
1735,Right_K (34),K
1736,Below_K (35),K
1737,Front_K (35),K
1738,Left_K (35),K
1739,Right_K (35),K
1740,Below_K (36),K
1741,Front_K (36),K
1742,Left_K (36),K
1743,Right_K (36),K
1744,Below_K (37),K
1745,Front_K (37),K
1746,Left_K (37),K
1747,Right_K (37),K
1748,Below_K (38),K
1749,Front_K (38),K
1750,Left_K (38),K
1751,Right_K (38),K
1752,Below_K (39),K
1753,Front_K (39),K
1754,Left_K (39),K
1755,Right_K (39),K
1756,Below_K (40),K
1757,Front_K (40),K
1758,Left_K (40),K
1759,Right_K (40),K
1760,Below_L (1),L
1761,Front_L (1),L
1762,Left_L (1),L
1763,Right_L (1),L
1764,Below_L (2),L
1765,Front_L (2),L
1766,Left_L (2),L
1767,Right_L (2),L
1768,Below_L (3),L
1769,Front_L (3),L
1770,Left_L (3),L
1771,Right_L (3),L
1772,Below_L (4),L
1773,Front_L (4),L
1774,Left_L (4),L
1775,Right_L (4),L
1776,Below_L (5),L
1777,Front_L (5),L
1778,Left_L (5),L
1779,Right_L (5),L
1780,Below_L (6),L
1781,Front_L (6),L
1782,Left_L (6),L
1783,Right_L (6),L
1784,Below_L (7),L
1785,Front_L (7),L
1786,Left_L (7),L
1787,Right_L (7),L
1788,Below_L (8),L
1789,Front_L (8),L
1790,Left_L (8),L
1791,Right_L (8),L
1792,Below_L (9),L
1793,Front_L (9),L
1794,Left_L (9),L
1795,Right_L (9),L
1796,Below_L (10),L
1797,Front_L (10),L
1798,Left_L (10),L
1799,Right_L (10),L
1800,Below_L (11),L
1801,Front_L (11),L
1802,Left_L (11),L
1803,Right_L (11),L
1804,Below_L (12),L
1805,Front_L (12),L
1806,Left_L (12),L
1807,Right_L (12),L
1808,Below_L (13),L
1809,Front_L (13),L
1810,Left_L (13),L
1811,Right_L (13),L
1812,Below_L (14),L
1813,Front_L (14),L
1814,Left_L (14),L
1815,Right_L (14),L
1816,Below_L (15),L
1817,Front_L (15),L
1818,Left_L (15),L
1819,Right_L (15),L
1820,Below_L (16),L
1821,Front_L (16),L
1822,Left_L (16),L
1823,Right_L (16),L
1824,Below_L (17),L
1825,Front_L (17),L
1826,Left_L (17),L
1827,Right_L (17),L
1828,Below_L (18),L
1829,Front_L (18),L
1830,Left_L (18),L
1831,Right_L (18),L
1832,Below_L (19),L
1833,Front_L (19),L
1834,Left_L (19),L
1835,Right_L (19),L
1836,Below_L (20),L
1837,Front_L (20),L
1838,Left_L (20),L
1839,Right_L (20),L
1840,Below_L (21),L
1841,Front_L (21),L
1842,Left_L (21),L
1843,Right_L (21),L
1844,Below_L (22),L
1845,Front_L (22),L
1846,Left_L (22),L
1847,Right_L (22),L
1848,Below_L (23),L
1849,Front_L (23),L
1850,Left_L (23),L
1851,Right_L (23),L
1852,Below_L (24),L
1853,Front_L (24),L
1854,Left_L (24),L
1855,Right_L (24),L
1856,Below_L (25),L
1857,Front_L (25),L
1858,Left_L (25),L
1859,Right_L (25),L
1860,Below_L (26),L
1861,Front_L (26),L
1862,Left_L (26),L
1863,Right_L (26),L
1864,Below_L (27),L
1865,Front_L (27),L
1866,Left_L (27),L
1867,Right_L (27),L
1868,Below_L (28),L
1869,Front_L (28),L
1870,Left_L (28),L
1871,Right_L (28),L
1872,Below_L (29),L
1873,Front_L (29),L
1874,Left_L (29),L
1875,Right_L (29),L
1876,Below_L (30),L
1877,Front_L (30),L
1878,Left_L (30),L
1879,Right_L (30),L
1880,Below_L (31),L
1881,Front_L (31),L
1882,Left_L (31),L
1883,Right_L (31),L
1884,Below_L (32),L
1885,Front_L (32),L
1886,Left_L (32),L
1887,Right_L (32),L
1888,Below_L (33),L
1889,Front_L (33),L
1890,Left_L (33),L
1891,Right_L (33),L
1892,Below_L (34),L
1893,Front_L (34),L
1894,Left_L (34),L
1895,Right_L (34),L
1896,Below_L (35),L
1897,Front_L (35),L
1898,Left_L (35),L
1899,Right_L (35),L
1900,Below_L (36),L
1901,Front_L (36),L
1902,Left_L (36),L
1903,Right_L (36),L
1904,Below_L (37),L
1905,Front_L (37),L
1906,Left_L (37),L
1907,Right_L (37),L
1908,Below_L (38),L
1909,Front_L (38),L
1910,Left_L (38),L
1911,Right_L (38),L
1912,Below_L (39),L
1913,Front_L (39),L
1914,Left_L (39),L
1915,Right_L (39),L
1916,Below_L (40),L
1917,Front_L (40),L
1918,Left_L (40),L
1919,Right_L (40),L
1920,Below_M (1),M
1921,Front_M (1),M
1922,Left_M (1),M
1923,Right_M (1),M
1924,Below_M (2),M
1925,Front_M (2),M
1926,Left_M (2),M
1927,Right_M (2),M
1928,Below_M (3),M
1929,Front_M (3),M
1930,Left_M (3),M
1931,Right_M (3),M
1932,Below_M (4),M
1933,Front_M (4),M
1934,Left_M (4),M
1935,Right_M (4),M
1936,Below_M (5),M
1937,Front_M (5),M
1938,Left_M (5),M
1939,Right_M (5),M
1940,Below_M (6),M
1941,Front_M (6),M
1942,Left_M (6),M
1943,Right_M (6),M
1944,Below_M (7),M
1945,Front_M (7),M
1946,Left_M (7),M
1947,Right_M (7),M
1948,Below_M (8),M
1949,Front_M (8),M
1950,Left_M (8),M
1951,Right_M (8),M
1952,Below_M (9),M
1953,Front_M (9),M
1954,Left_M (9),M
1955,Right_M (9),M
1956,Below_M (10),M
1957,Front_M (10),M
1958,Left_M (10),M
1959,Right_M (10),M
1960,Below_M (11),M
1961,Front_M (11),M
1962,Left_M (11),M
1963,Right_M (11),M
1964,Below_M (12),M
1965,Front_M (12),M
1966,Left_M (12),M
1967,Right_M (12),M
1968,Below_M (13),M
1969,Front_M (13),M
1970,Left_M (13),M
1971,Right_M (13),M
1972,Below_M (14),M
1973,Front_M (14),M
1974,Left_M (14),M
1975,Right_M (14),M
1976,Below_M (15),M
1977,Front_M (15),M
1978,Left_M (15),M
1979,Right_M (15),M
1980,Below_M (16),M
1981,Front_M (16),M
1982,Left_M (16),M
1983,Right_M (16),M
1984,Below_M (17),M
1985,Front_M (17),M
1986,Left_M (17),M
1987,Right_M (17),M
1988,Below_M (18),M
1989,Front_M (18),M
1990,Left_M (18),M
1991,Right_M (18),M
1992,Below_M (19),M
1993,Front_M (19),M
1994,Left_M (19),M
1995,Right_M (19),M
1996,Below_M (20),M
1997,Front_M (20),M
1998,Left_M (20),M
1999,Right_M (20),M
2000,Below_M (21),M
2001,Front_M (21),M
2002,Left_M (21),M
2003,Right_M (21),M
2004,Below_M (22),M
2005,Front_M (22),M
2006,Left_M (22),M
2007,Right_M (22),M
2008,Below_M (23),M
2009,Front_M (23),M
2010,Left_M (23),M
2011,Right_M (23),M
2012,Below_M (24),M
2013,Front_M (24),M
2014,Left_M (24),M
2015,Right_M (24),M
2016,Below_M (25),M
2017,Front_M (25),M
2018,Left_M (25),M
2019,Right_M (25),M
2020,Below_M (26),M
2021,Front_M (26),M
2022,Left_M (26),M
2023,Right_M (26),M
2024,Below_M (27),M
2025,Front_M (27),M
2026,Left_M (27),M
2027,Right_M (27),M
2028,Below_M (28),M
2029,Front_M (28),M
2030,Left_M (28),M
2031,Right_M (28),M
2032,Below_M (29),M
2033,Front_M (29),M
2034,Left_M (29),M
2035,Right_M (29),M
2036,Below_M (30),M
2037,Front_M (30),M
2038,Left_M (30),M
2039,Right_M (30),M
2040,Below_M (31),M
2041,Front_M (31),M
2042,Left_M (31),M
2043,Right_M (31),M
2044,Below_M (32),M
2045,Front_M (32),M
2046,Left_M (32),M
2047,Right_M (32),M
2048,Below_M (33),M
2049,Front_M (33),M
2050,Left_M (33),M
2051,Right_M (33),M
2052,Below_M (34),M
2053,Front_M (34),M
2054,Left_M (34),M
2055,Right_M (34),M
2056,Below_M (35),M
2057,Front_M (35),M
2058,Left_M (35),M
2059,Right_M (35),M
2060,Below_M (36),M
2061,Front_M (36),M
2062,Left_M (36),M
2063,Right_M (36),M
2064,Below_M (37),M
2065,Front_M (37),M
2066,Left_M (37),M
2067,Right_M (37),M
2068,Below_M (38),M
2069,Front_M (38),M
2070,Left_M (38),M
2071,Right_M (38),M
2072,Below_M (39),M
2073,Front_M (39),M
2074,Left_M (39),M
2075,Right_M (39),M
2076,Below_M (40),M
2077,Front_M (40),M
2078,Left_M (40),M
2079,Right_M (40),M
2080,Below_N (1),N
2081,Front_N (1),N
2082,Left_N (1),N
2083,Right_N (1),N
2084,Below_N (2),N
2085,Front_N (2),N
2086,Left_N (2),N
2087,Right_N (2),N
2088,Below_N (3),N
2089,Front_N (3),N
2090,Left_N (3),N
2091,Right_N (3),N
2092,Below_N (4),N
2093,Front_N (4),N
2094,Left_N (4),N
2095,Right_N (4),N
2096,Below_N (5),N
2097,Front_N (5),N
2098,Left_N (5),N
2099,Right_N (5),N
2100,Below_N (6),N
2101,Front_N (6),N
2102,Left_N (6),N
2103,Right_N (6),N
2104,Below_N (7),N
2105,Front_N (7),N
2106,Left_N (7),N
2107,Right_N (7),N
2108,Below_N (8),N
2109,Front_N (8),N
2110,Left_N (8),N
2111,Right_N (8),N
2112,Below_N (9),N
2113,Front_N (9),N
2114,Left_N (9),N
2115,Right_N (9),N
2116,Below_N (10),N
2117,Front_N (10),N
2118,Left_N (10),N
2119,Right_N (10),N
2120,Below_N (11),N
2121,Front_N (11),N
2122,Left_N (11),N
2123,Right_N (11),N
2124,Below_N (12),N
2125,Front_N (12),N
2126,Left_N (12),N
2127,Right_N (12),N
2128,Below_N (13),N
2129,Front_N (13),N
2130,Left_N (13),N
2131,Right_N (13),N
2132,Below_N (14),N
2133,Front_N (14),N
2134,Left_N (14),N
2135,Right_N (14),N
2136,Below_N (15),N
2137,Front_N (15),N
2138,Left_N (15),N
2139,Right_N (15),N
2140,Below_N (16),N
2141,Front_N (16),N
2142,Left_N (16),N
2143,Right_N (16),N
2144,Below_N (17),N
2145,Front_N (17),N
2146,Left_N (17),N
2147,Right_N (17),N
2148,Below_N (18),N
2149,Front_N (18),N
2150,Left_N (18),N
2151,Right_N (18),N
2152,Below_N (19),N
2153,Front_N (19),N
2154,Left_N (19),N
2155,Right_N (19),N
2156,Below_N (20),N
2157,Front_N (20),N
2158,Left_N (20),N
2159,Right_N (20),N
2160,Below_N (21),N
2161,Front_N (21),N
2162,Left_N (21),N
2163,Right_N (21),N
2164,Below_N (22),N
2165,Front_N (22),N
2166,Left_N (22),N
2167,Right_N (22),N
2168,Below_N (23),N
2169,Front_N (23),N
2170,Left_N (23),N
2171,Right_N (23),N
2172,Below_N (24),N
2173,Front_N (24),N
2174,Left_N (24),N
2175,Right_N (24),N
2176,Below_N (25),N
2177,Front_N (25),N
2178,Left_N (25),N
2179,Right_N (25),N
2180,Below_N (26),N
2181,Front_N (26),N
2182,Left_N (26),N
2183,Right_N (26),N
2184,Below_N (27),N
2185,Front_N (27),N
2186,Left_N (27),N
2187,Right_N (27),N
2188,Below_N (28),N
2189,Front_N (28),N
2190,Left_N (28),N
2191,Right_N (28),N
2192,Below_N (29),N
2193,Front_N (29),N
2194,Left_N (29),N
2195,Right_N (29),N
2196,Below_N (30),N
2197,Front_N (30),N
2198,Left_N (30),N
2199,Right_N (30),N
2200,Below_N (31),N
2201,Front_N (31),N
2202,Left_N (31),N
2203,Right_N (31),N
2204,Below_N (32),N
2205,Front_N (32),N
2206,Left_N (32),N
2207,Right_N (32),N
2208,Below_N (33),N
2209,Front_N (33),N
2210,Left_N (33),N
2211,Right_N (33),N
2212,Below_N (34),N
2213,Front_N (34),N
2214,Left_N (34),N
2215,Right_N (34),N
2216,Below_N (35),N
2217,Front_N (35),N
2218,Left_N (35),N
2219,Right_N (35),N
2220,Below_N (36),N
2221,Front_N (36),N
2222,Left_N (36),N
2223,Right_N (36),N
2224,Below_N (37),N
2225,Front_N (37),N
2226,Left_N (37),N
2227,Right_N (37),N
2228,Below_N (38),N
2229,Front_N (38),N
2230,Left_N (38),N
2231,Right_N (38),N
2232,Below_N (39),N
2233,Front_N (39),N
2234,Left_N (39),N
2235,Right_N (39),N
2236,Below_N (40),N
2237,Front_N (40),N
2238,Left_N (40),N
2239,Right_N (40),N
2240,Below_O (1),O
2241,Front_O (1),O
2242,Left_O (1),O
2243,Right_O (1),O
2244,Below_O (2),O
2245,Front_O (2),O
2246,Left_O (2),O
2247,Right_O (2),O
2248,Below_O (3),O
2249,Front_O (3),O
2250,Left_O (3),O
2251,Right_O (3),O
2252,Below_O (4),O
2253,Front_O (4),O
2254,Left_O (4),O
2255,Right_O (4),O
2256,Below_O (5),O
2257,Front_O (5),O
2258,Left_O (5),O
2259,Right_O (5),O
2260,Below_O (6),O
2261,Front_O (6),O
2262,Left_O (6),O
2263,Right_O (6),O
2264,Below_O (7),O
2265,Front_O (7),O
2266,Left_O (7),O
2267,Right_O (7),O
2268,Below_O (8),O
2269,Front_O (8),O
2270,Left_O (8),O
2271,Right_O (8),O
2272,Below_O (9),O
2273,Front_O (9),O
2274,Left_O (9),O
2275,Right_O (9),O
2276,Below_O (10),O
2277,Front_O (10),O
2278,Left_O (10),O
2279,Right_O (10),O
2280,Below_O (11),O
2281,Front_O (11),O
2282,Left_O (11),O
2283,Right_O (11),O
2284,Below_O (12),O
2285,Front_O (12),O
2286,Left_O (12),O
2287,Right_O (12),O
2288,Below_O (13),O
2289,Front_O (13),O
2290,Left_O (13),O
2291,Right_O (13),O
2292,Below_O (14),O
2293,Front_O (14),O
2294,Left_O (14),O
2295,Right_O (14),O
2296,Below_O (15),O
2297,Front_O (15),O
2298,Left_O (15),O
2299,Right_O (15),O
2300,Below_O (16),O
2301,Front_O (16),O
2302,Left_O (16),O
2303,Right_O (16),O
2304,Below_O (17),O
2305,Front_O (17),O
2306,Left_O (17),O
2307,Right_O (17),O
2308,Below_O (18),O
2309,Front_O (18),O
2310,Left_O (18),O
2311,Right_O (18),O
2312,Below_O (19),O
2313,Front_O (19),O
2314,Left_O (19),O
2315,Right_O (19),O
2316,Below_O (20),O
2317,Front_O (20),O
2318,Left_O (20),O
2319,Right_O (20),O
2320,Below_O (21),O
2321,Front_O (21),O
2322,Left_O (21),O
2323,Right_O (21),O
2324,Below_O (22),O
2325,Front_O (22),O
2326,Left_O (22),O
2327,Right_O (22),O
2328,Below_O (23),O
2329,Front_O (23),O
2330,Left_O (23),O
2331,Right_O (23),O
2332,Below_O (24),O
2333,Front_O (24),O
2334,Left_O (24),O
2335,Right_O (24),O
2336,Below_O (25),O
2337,Front_O (25),O
2338,Left_O (25),O
2339,Right_O (25),O
2340,Below_O (26),O
2341,Front_O (26),O
2342,Left_O (26),O
2343,Right_O (26),O
2344,Below_O (27),O
2345,Front_O (27),O
2346,Left_O (27),O
2347,Right_O (27),O
2348,Below_O (28),O
2349,Front_O (28),O
2350,Left_O (28),O
2351,Right_O (28),O
2352,Below_O (29),O
2353,Front_O (29),O
2354,Left_O (29),O
2355,Right_O (29),O
2356,Below_O (30),O
2357,Front_O (30),O
2358,Left_O (30),O
2359,Right_O (30),O
2360,Below_O (31),O
2361,Front_O (31),O
2362,Left_O (31),O
2363,Right_O (31),O
2364,Below_O (32),O
2365,Front_O (32),O
2366,Left_O (32),O
2367,Right_O (32),O
2368,Below_O (33),O
2369,Front_O (33),O
2370,Left_O (33),O
2371,Right_O (33),O
2372,Below_O (34),O
2373,Front_O (34),O
2374,Left_O (34),O
2375,Right_O (34),O
2376,Below_O (35),O
2377,Front_O (35),O
2378,Left_O (35),O
2379,Right_O (35),O
2380,Below_O (36),O
2381,Front_O (36),O
2382,Left_O (36),O
2383,Right_O (36),O
2384,Below_O (37),O
2385,Front_O (37),O
2386,Left_O (37),O
2387,Right_O (37),O
2388,Below_O (38),O
2389,Front_O (38),O
2390,Left_O (38),O
2391,Right_O (38),O
2392,Below_O (39),O
2393,Front_O (39),O
2394,Left_O (39),O
2395,Right_O (39),O
2396,Below_O (40),O
2397,Front_O (40),O
2398,Left_O (40),O
2399,Right_O (40),O
2400,Below_P (1),P
2401,Front_P (1),P
2402,Left_P (1),P
2403,Right_P (1),P
2404,Below_P (2),P
2405,Front_P (2),P
2406,Left_P (2),P
2407,Right_P (2),P
2408,Below_P (3),P
2409,Front_P (3),P
2410,Left_P (3),P
2411,Right_P (3),P
2412,Below_P (4),P
2413,Front_P (4),P
2414,Left_P (4),P
2415,Right_P (4),P
2416,Below_P (5),P
2417,Front_P (5),P
2418,Left_P (5),P
2419,Right_P (5),P
2420,Below_P (6),P
2421,Front_P (6),P
2422,Left_P (6),P
2423,Right_P (6),P
2424,Below_P (7),P
2425,Front_P (7),P
2426,Left_P (7),P
2427,Right_P (7),P
2428,Below_P (8),P
2429,Front_P (8),P
2430,Left_P (8),P
2431,Right_P (8),P
2432,Below_P (9),P
2433,Front_P (9),P
2434,Left_P (9),P
2435,Right_P (9),P
2436,Below_P (10),P
2437,Front_P (10),P
2438,Left_P (10),P
2439,Right_P (10),P
2440,Below_P (11),P
2441,Front_P (11),P
2442,Left_P (11),P
2443,Right_P (11),P
2444,Below_P (12),P
2445,Front_P (12),P
2446,Left_P (12),P
2447,Right_P (12),P
2448,Below_P (13),P
2449,Front_P (13),P
2450,Left_P (13),P
2451,Right_P (13),P
2452,Below_P (14),P
2453,Front_P (14),P
2454,Left_P (14),P
2455,Right_P (14),P
2456,Below_P (15),P
2457,Front_P (15),P
2458,Left_P (15),P
2459,Right_P (15),P
2460,Below_P (16),P
2461,Front_P (16),P
2462,Left_P (16),P
2463,Right_P (16),P
2464,Below_P (17),P
2465,Front_P (17),P
2466,Left_P (17),P
2467,Right_P (17),P
2468,Below_P (18),P
2469,Front_P (18),P
2470,Left_P (18),P
2471,Right_P (18),P
2472,Below_P (19),P
2473,Front_P (19),P
2474,Left_P (19),P
2475,Right_P (19),P
2476,Below_P (20),P
2477,Front_P (20),P
2478,Left_P (20),P
2479,Right_P (20),P
2480,Below_P (21),P
2481,Front_P (21),P
2482,Left_P (21),P
2483,Right_P (21),P
2484,Below_P (22),P
2485,Front_P (22),P
2486,Left_P (22),P
2487,Right_P (22),P
2488,Below_P (23),P
2489,Front_P (23),P
2490,Left_P (23),P
2491,Right_P (23),P
2492,Below_P (24),P
2493,Front_P (24),P
2494,Left_P (24),P
2495,Right_P (24),P
2496,Below_P (25),P
2497,Front_P (25),P
2498,Left_P (25),P
2499,Right_P (25),P
2500,Below_P (26),P
2501,Front_P (26),P
2502,Left_P (26),P
2503,Right_P (26),P
2504,Below_P (27),P
2505,Front_P (27),P
2506,Left_P (27),P
2507,Right_P (27),P
2508,Below_P (28),P
2509,Front_P (28),P
2510,Left_P (28),P
2511,Right_P (28),P
2512,Below_P (29),P
2513,Front_P (29),P
2514,Left_P (29),P
2515,Right_P (29),P
2516,Below_P (30),P
2517,Front_P (30),P
2518,Left_P (30),P
2519,Right_P (30),P
2520,Below_P (31),P
2521,Front_P (31),P
2522,Left_P (31),P
2523,Right_P (31),P
2524,Below_P (32),P
2525,Front_P (32),P
2526,Left_P (32),P
2527,Right_P (32),P
2528,Below_P (33),P
2529,Front_P (33),P
2530,Left_P (33),P
2531,Right_P (33),P
2532,Below_P (34),P
2533,Front_P (34),P
2534,Left_P (34),P
2535,Right_P (34),P
2536,Below_P (35),P
2537,Front_P (35),P
2538,Left_P (35),P
2539,Right_P (35),P
2540,Below_P (36),P
2541,Front_P (36),P
2542,Left_P (36),P
2543,Right_P (36),P
2544,Below_P (37),P
2545,Front_P (37),P
2546,Left_P (37),P
2547,Right_P (37),P
2548,Below_P (38),P
2549,Front_P (38),P
2550,Left_P (38),P
2551,Right_P (38),P
2552,Below_P (39),P
2553,Front_P (39),P
2554,Left_P (39),P
2555,Right_P (39),P
2556,Below_P (40),P
2557,Front_P (40),P
2558,Left_P (40),P
2559,Right_P (40),P
2560,Below_Q (1),Q
2561,Front_Q (1),Q
2562,Left_Q (1),Q
2563,Right_Q (1),Q
2564,Below_Q (2),Q
2565,Front_Q (2),Q
2566,Left_Q (2),Q
2567,Right_Q (2),Q
2568,Below_Q (3),Q
2569,Front_Q (3),Q
2570,Left_Q (3),Q
2571,Right_Q (3),Q
2572,Below_Q (4),Q
2573,Front_Q (4),Q
2574,Left_Q (4),Q
2575,Right_Q (4),Q
2576,Below_Q (5),Q
2577,Front_Q (5),Q
2578,Left_Q (5),Q
2579,Right_Q (5),Q
2580,Below_Q (6),Q
2581,Front_Q (6),Q
2582,Left_Q (6),Q
2583,Right_Q (6),Q
2584,Below_Q (7),Q
2585,Front_Q (7),Q
2586,Left_Q (7),Q
2587,Right_Q (7),Q
2588,Below_Q (8),Q
2589,Front_Q (8),Q
2590,Left_Q (8),Q
2591,Right_Q (8),Q
2592,Below_Q (9),Q
2593,Front_Q (9),Q
2594,Left_Q (9),Q
2595,Right_Q (9),Q
2596,Below_Q (10),Q
2597,Front_Q (10),Q
2598,Left_Q (10),Q
2599,Right_Q (10),Q
2600,Below_Q (11),Q
2601,Front_Q (11),Q
2602,Left_Q (11),Q
2603,Right_Q (11),Q
2604,Below_Q (12),Q
2605,Front_Q (12),Q
2606,Left_Q (12),Q
2607,Right_Q (12),Q
2608,Below_Q (13),Q
2609,Front_Q (13),Q
2610,Left_Q (13),Q
2611,Right_Q (13),Q
2612,Below_Q (14),Q
2613,Front_Q (14),Q
2614,Left_Q (14),Q
2615,Right_Q (14),Q
2616,Below_Q (15),Q
2617,Front_Q (15),Q
2618,Left_Q (15),Q
2619,Right_Q (15),Q
2620,Below_Q (16),Q
2621,Front_Q (16),Q
2622,Left_Q (16),Q
2623,Right_Q (16),Q
2624,Below_Q (17),Q
2625,Front_Q (17),Q
2626,Left_Q (17),Q
2627,Right_Q (17),Q
2628,Below_Q (18),Q
2629,Front_Q (18),Q
2630,Left_Q (18),Q
2631,Right_Q (18),Q
2632,Below_Q (19),Q
2633,Front_Q (19),Q
2634,Left_Q (19),Q
2635,Right_Q (19),Q
2636,Below_Q (20),Q
2637,Front_Q (20),Q
2638,Left_Q (20),Q
2639,Right_Q (20),Q
2640,Below_Q (21),Q
2641,Front_Q (21),Q
2642,Left_Q (21),Q
2643,Right_Q (21),Q
2644,Below_Q (22),Q
2645,Front_Q (22),Q
2646,Left_Q (22),Q
2647,Right_Q (22),Q
2648,Below_Q (23),Q
2649,Front_Q (23),Q
2650,Left_Q (23),Q
2651,Right_Q (23),Q
2652,Below_Q (24),Q
2653,Front_Q (24),Q
2654,Left_Q (24),Q
2655,Right_Q (24),Q
2656,Below_Q (25),Q
2657,Front_Q (25),Q
2658,Left_Q (25),Q
2659,Right_Q (25),Q
2660,Below_Q (26),Q
2661,Front_Q (26),Q
2662,Left_Q (26),Q
2663,Right_Q (26),Q
2664,Below_Q (27),Q
2665,Front_Q (27),Q
2666,Left_Q (27),Q
2667,Right_Q (27),Q
2668,Below_Q (28),Q
2669,Front_Q (28),Q
2670,Left_Q (28),Q
2671,Right_Q (28),Q
2672,Below_Q (29),Q
2673,Front_Q (29),Q
2674,Left_Q (29),Q
2675,Right_Q (29),Q
2676,Below_Q (30),Q
2677,Front_Q (30),Q
2678,Left_Q (30),Q
2679,Right_Q (30),Q
2680,Below_Q (31),Q
2681,Front_Q (31),Q
2682,Left_Q (31),Q
2683,Right_Q (31),Q
2684,Below_Q (32),Q
2685,Front_Q (32),Q
2686,Left_Q (32),Q
2687,Right_Q (32),Q
2688,Below_Q (33),Q
2689,Front_Q (33),Q
2690,Left_Q (33),Q
2691,Right_Q (33),Q
2692,Below_Q (34),Q
2693,Front_Q (34),Q
2694,Left_Q (34),Q
2695,Right_Q (34),Q
2696,Below_Q (35),Q
2697,Front_Q (35),Q
2698,Left_Q (35),Q
2699,Right_Q (35),Q
2700,Below_Q (36),Q
2701,Front_Q (36),Q
2702,Left_Q (36),Q
2703,Right_Q (36),Q
2704,Below_Q (37),Q
2705,Front_Q (37),Q
2706,Left_Q (37),Q
2707,Right_Q (37),Q
2708,Below_Q (38),Q
2709,Front_Q (38),Q
2710,Left_Q (38),Q
2711,Right_Q (38),Q
2712,Below_Q (39),Q
2713,Front_Q (39),Q
2714,Left_Q (39),Q
2715,Right_Q (39),Q
2716,Below_Q (40),Q
2717,Front_Q (40),Q
2718,Left_Q (40),Q
2719,Right_Q (40),Q
2720,Below_R (1),R
2721,Front_R (1),R
2722,Left_R (1),R
2723,Right_R (1),R
2724,Below_R (2),R
2725,Front_R (2),R
2726,Left_R (2),R
2727,Right_R (2),R
2728,Below_R (3),R
2729,Front_R (3),R
2730,Left_R (3),R
2731,Right_R (3),R
2732,Below_R (4),R
2733,Front_R (4),R
2734,Left_R (4),R
2735,Right_R (4),R
2736,Below_R (5),R
2737,Front_R (5),R
2738,Left_R (5),R
2739,Right_R (5),R
2740,Below_R (6),R
2741,Front_R (6),R
2742,Left_R (6),R
2743,Right_R (6),R
2744,Below_R (7),R
2745,Front_R (7),R
2746,Left_R (7),R
2747,Right_R (7),R
2748,Below_R (8),R
2749,Front_R (8),R
2750,Left_R (8),R
2751,Right_R (8),R
2752,Below_R (9),R
2753,Front_R (9),R
2754,Left_R (9),R
2755,Right_R (9),R
2756,Below_R (10),R
2757,Front_R (10),R
2758,Left_R (10),R
2759,Right_R (10),R
2760,Below_R (11),R
2761,Front_R (11),R
2762,Left_R (11),R
2763,Right_R (11),R
2764,Below_R (12),R
2765,Front_R (12),R
2766,Left_R (12),R
2767,Right_R (12),R
2768,Below_R (13),R
2769,Front_R (13),R
2770,Left_R (13),R
2771,Right_R (13),R
2772,Below_R (14),R
2773,Front_R (14),R
2774,Left_R (14),R
2775,Right_R (14),R
2776,Below_R (15),R
2777,Front_R (15),R
2778,Left_R (15),R
2779,Right_R (15),R
2780,Below_R (16),R
2781,Front_R (16),R
2782,Left_R (16),R
2783,Right_R (16),R
2784,Below_R (17),R
2785,Front_R (17),R
2786,Left_R (17),R
2787,Right_R (17),R
2788,Below_R (18),R
2789,Front_R (18),R
2790,Left_R (18),R
2791,Right_R (18),R
2792,Below_R (19),R
2793,Front_R (19),R
2794,Left_R (19),R
2795,Right_R (19),R
2796,Below_R (20),R
2797,Front_R (20),R
2798,Left_R (20),R
2799,Right_R (20),R
2800,Below_R (21),R
2801,Front_R (21),R
2802,Left_R (21),R
2803,Right_R (21),R
2804,Below_R (22),R
2805,Front_R (22),R
2806,Left_R (22),R
2807,Right_R (22),R
2808,Below_R (23),R
2809,Front_R (23),R
2810,Left_R (23),R
2811,Right_R (23),R
2812,Below_R (24),R
2813,Front_R (24),R
2814,Left_R (24),R
2815,Right_R (24),R
2816,Below_R (25),R
2817,Front_R (25),R
2818,Left_R (25),R
2819,Right_R (25),R
2820,Below_R (26),R
2821,Front_R (26),R
2822,Left_R (26),R
2823,Right_R (26),R
2824,Below_R (27),R
2825,Front_R (27),R
2826,Left_R (27),R
2827,Right_R (27),R
2828,Below_R (28),R
2829,Front_R (28),R
2830,Left_R (28),R
2831,Right_R (28),R
2832,Below_R (29),R
2833,Front_R (29),R
2834,Left_R (29),R
2835,Right_R (29),R
2836,Below_R (30),R
2837,Front_R (30),R
2838,Left_R (30),R
2839,Right_R (30),R
2840,Below_R (31),R
2841,Front_R (31),R
2842,Left_R (31),R
2843,Right_R (31),R
2844,Below_R (32),R
2845,Front_R (32),R
2846,Left_R (32),R
2847,Right_R (32),R
2848,Below_R (33),R
2849,Front_R (33),R
2850,Left_R (33),R
2851,Right_R (33),R
2852,Below_R (34),R
2853,Front_R (34),R
2854,Left_R (34),R
2855,Right_R (34),R
2856,Below_R (35),R
2857,Front_R (35),R
2858,Left_R (35),R
2859,Right_R (35),R
2860,Below_R (36),R
2861,Front_R (36),R
2862,Left_R (36),R
2863,Right_R (36),R
2864,Below_R (37),R
2865,Front_R (37),R
2866,Left_R (37),R
2867,Right_R (37),R
2868,Below_R (38),R
2869,Front_R (38),R
2870,Left_R (38),R
2871,Right_R (38),R
2872,Below_R (39),R
2873,Front_R (39),R
2874,Left_R (39),R
2875,Right_R (39),R
2876,Below_R (40),R
2877,Front_R (40),R
2878,Left_R (40),R
2879,Right_R (40),R
2880,Below_S (1),S
2881,Front_S (1),S
2882,Left_S (1),S
2883,Right_S (1),S
2884,Below_S (2),S
2885,Front_S (2),S
2886,Left_S (2),S
2887,Right_S (2),S
2888,Below_S (3),S
2889,Front_S (3),S
2890,Left_S (3),S
2891,Right_S (3),S
2892,Below_S (4),S
2893,Front_S (4),S
2894,Left_S (4),S
2895,Right_S (4),S
2896,Below_S (5),S
2897,Front_S (5),S
2898,Left_S (5),S
2899,Right_S (5),S
2900,Below_S (6),S
2901,Front_S (6),S
2902,Left_S (6),S
2903,Right_S (6),S
2904,Below_S (7),S
2905,Front_S (7),S
2906,Left_S (7),S
2907,Right_S (7),S
2908,Below_S (8),S
2909,Front_S (8),S
2910,Left_S (8),S
2911,Right_S (8),S
2912,Below_S (9),S
2913,Front_S (9),S
2914,Left_S (9),S
2915,Right_S (9),S
2916,Below_S (10),S
2917,Front_S (10),S
2918,Left_S (10),S
2919,Right_S (10),S
2920,Below_S (11),S
2921,Front_S (11),S
2922,Left_S (11),S
2923,Right_S (11),S
2924,Below_S (12),S
2925,Front_S (12),S
2926,Left_S (12),S
2927,Right_S (12),S
2928,Below_S (13),S
2929,Front_S (13),S
2930,Left_S (13),S
2931,Right_S (13),S
2932,Below_S (14),S
2933,Front_S (14),S
2934,Left_S (14),S
2935,Right_S (14),S
2936,Below_S (15),S
2937,Front_S (15),S
2938,Left_S (15),S
2939,Right_S (15),S
2940,Below_S (16),S
2941,Front_S (16),S
2942,Left_S (16),S
2943,Right_S (16),S
2944,Below_S (17),S
2945,Front_S (17),S
2946,Left_S (17),S
2947,Right_S (17),S
2948,Below_S (18),S
2949,Front_S (18),S
2950,Left_S (18),S
2951,Right_S (18),S
2952,Below_S (19),S
2953,Front_S (19),S
2954,Left_S (19),S
2955,Right_S (19),S
2956,Below_S (20),S
2957,Front_S (20),S
2958,Left_S (20),S
2959,Right_S (20),S
2960,Below_S (21),S
2961,Front_S (21),S
2962,Left_S (21),S
2963,Right_S (21),S
2964,Below_S (22),S
2965,Front_S (22),S
2966,Left_S (22),S
2967,Right_S (22),S
2968,Below_S (23),S
2969,Front_S (23),S
2970,Left_S (23),S
2971,Right_S (23),S
2972,Below_S (24),S
2973,Front_S (24),S
2974,Left_S (24),S
2975,Right_S (24),S
2976,Below_S (25),S
2977,Front_S (25),S
2978,Left_S (25),S
2979,Right_S (25),S
2980,Below_S (26),S
2981,Front_S (26),S
2982,Left_S (26),S
2983,Right_S (26),S
2984,Below_S (27),S
2985,Front_S (27),S
2986,Left_S (27),S
2987,Right_S (27),S
2988,Below_S (28),S
2989,Front_S (28),S
2990,Left_S (28),S
2991,Right_S (28),S
2992,Below_S (29),S
2993,Front_S (29),S
2994,Left_S (29),S
2995,Right_S (29),S
2996,Below_S (30),S
2997,Front_S (30),S
2998,Left_S (30),S
2999,Right_S (30),S
3000,Below_S (31),S
3001,Front_S (31),S
3002,Left_S (31),S
3003,Right_S (31),S
3004,Below_S (32),S
3005,Front_S (32),S
3006,Left_S (32),S
3007,Right_S (32),S
3008,Below_S (33),S
3009,Front_S (33),S
3010,Left_S (33),S
3011,Right_S (33),S
3012,Below_S (34),S
3013,Front_S (34),S
3014,Left_S (34),S
3015,Right_S (34),S
3016,Below_S (35),S
3017,Front_S (35),S
3018,Left_S (35),S
3019,Right_S (35),S
3020,Below_S (36),S
3021,Front_S (36),S
3022,Left_S (36),S
3023,Right_S (36),S
3024,Below_S (37),S
3025,Front_S (37),S
3026,Left_S (37),S
3027,Right_S (37),S
3028,Below_S (38),S
3029,Front_S (38),S
3030,Left_S (38),S
3031,Right_S (38),S
3032,Below_S (39),S
3033,Front_S (39),S
3034,Left_S (39),S
3035,Right_S (39),S
3036,Below_S (40),S
3037,Front_S (40),S
3038,Left_S (40),S
3039,Right_S (40),S
3040,Below_T (1),T
3041,Front_T (1),T
3042,Left_T (1),T
3043,Right_T (1),T
3044,Below_T (2),T
3045,Front_T (2),T
3046,Left_T (2),T
3047,Right_T (2),T
3048,Below_T (3),T
3049,Front_T (3),T
3050,Left_T (3),T
3051,Right_T (3),T
3052,Below_T (4),T
3053,Front_T (4),T
3054,Left_T (4),T
3055,Right_T (4),T
3056,Below_T (5),T
3057,Front_T (5),T
3058,Left_T (5),T
3059,Right_T (5),T
3060,Below_T (6),T
3061,Front_T (6),T
3062,Left_T (6),T
3063,Right_T (6),T
3064,Below_T (7),T
3065,Front_T (7),T
3066,Left_T (7),T
3067,Right_T (7),T
3068,Below_T (8),T
3069,Front_T (8),T
3070,Left_T (8),T
3071,Right_T (8),T
3072,Below_T (9),T
3073,Front_T (9),T
3074,Left_T (9),T
3075,Right_T (9),T
3076,Below_T (10),T
3077,Front_T (10),T
3078,Left_T (10),T
3079,Right_T (10),T
3080,Below_T (11),T
3081,Front_T (11),T
3082,Left_T (11),T
3083,Right_T (11),T
3084,Below_T (12),T
3085,Front_T (12),T
3086,Left_T (12),T
3087,Right_T (12),T
3088,Below_T (13),T
3089,Front_T (13),T
3090,Left_T (13),T
3091,Right_T (13),T
3092,Below_T (14),T
3093,Front_T (14),T
3094,Left_T (14),T
3095,Right_T (14),T
3096,Below_T (15),T
3097,Front_T (15),T
3098,Left_T (15),T
3099,Right_T (15),T
3100,Below_T (16),T
3101,Front_T (16),T
3102,Left_T (16),T
3103,Right_T (16),T
3104,Below_T (17),T
3105,Front_T (17),T
3106,Left_T (17),T
3107,Right_T (17),T
3108,Below_T (18),T
3109,Front_T (18),T
3110,Left_T (18),T
3111,Right_T (18),T
3112,Below_T (19),T
3113,Front_T (19),T
3114,Left_T (19),T
3115,Right_T (19),T
3116,Below_T (20),T
3117,Front_T (20),T
3118,Left_T (20),T
3119,Right_T (20),T
3120,Below_T (21),T
3121,Front_T (21),T
3122,Left_T (21),T
3123,Right_T (21),T
3124,Below_T (22),T
3125,Front_T (22),T
3126,Left_T (22),T
3127,Right_T (22),T
3128,Below_T (23),T
3129,Front_T (23),T
3130,Left_T (23),T
3131,Right_T (23),T
3132,Below_T (24),T
3133,Front_T (24),T
3134,Left_T (24),T
3135,Right_T (24),T
3136,Below_T (25),T
3137,Front_T (25),T
3138,Left_T (25),T
3139,Right_T (25),T
3140,Below_T (26),T
3141,Front_T (26),T
3142,Left_T (26),T
3143,Right_T (26),T
3144,Below_T (27),T
3145,Front_T (27),T
3146,Left_T (27),T
3147,Right_T (27),T
3148,Below_T (28),T
3149,Front_T (28),T
3150,Left_T (28),T
3151,Right_T (28),T
3152,Below_T (29),T
3153,Front_T (29),T
3154,Left_T (29),T
3155,Right_T (29),T
3156,Below_T (30),T
3157,Front_T (30),T
3158,Left_T (30),T
3159,Right_T (30),T
3160,Below_T (31),T
3161,Front_T (31),T
3162,Left_T (31),T
3163,Right_T (31),T
3164,Below_T (32),T
3165,Front_T (32),T
3166,Left_T (32),T
3167,Right_T (32),T
3168,Below_T (33),T
3169,Front_T (33),T
3170,Left_T (33),T
3171,Right_T (33),T
3172,Below_T (34),T
3173,Front_T (34),T
3174,Left_T (34),T
3175,Right_T (34),T
3176,Below_T (35),T
3177,Front_T (35),T
3178,Left_T (35),T
3179,Right_T (35),T
3180,Below_T (36),T
3181,Front_T (36),T
3182,Left_T (36),T
3183,Right_T (36),T
3184,Below_T (37),T
3185,Front_T (37),T
3186,Left_T (37),T
3187,Right_T (37),T
3188,Below_T (38),T
3189,Front_T (38),T
3190,Left_T (38),T
3191,Right_T (38),T
3192,Below_T (39),T
3193,Front_T (39),T
3194,Left_T (39),T
3195,Right_T (39),T
3196,Below_T (40),T
3197,Front_T (40),T
3198,Left_T (40),T
3199,Right_T (40),T
3200,Below_U (1),U
3201,Front_U (1),U
3202,Left_U (1),U
3203,Right_U (1),U
3204,Below_U (2),U
3205,Front_U (2),U
3206,Left_U (2),U
3207,Right_U (2),U
3208,Below_U (3),U
3209,Front_U (3),U
3210,Left_U (3),U
3211,Right_U (3),U
3212,Below_U (4),U
3213,Front_U (4),U
3214,Left_U (4),U
3215,Right_U (4),U
3216,Below_U (5),U
3217,Front_U (5),U
3218,Left_U (5),U
3219,Right_U (5),U
3220,Below_U (6),U
3221,Front_U (6),U
3222,Left_U (6),U
3223,Right_U (6),U
3224,Below_U (7),U
3225,Front_U (7),U
3226,Left_U (7),U
3227,Right_U (7),U
3228,Below_U (8),U
3229,Front_U (8),U
3230,Left_U (8),U
3231,Right_U (8),U
3232,Below_U (9),U
3233,Front_U (9),U
3234,Left_U (9),U
3235,Right_U (9),U
3236,Below_U (10),U
3237,Front_U (10),U
3238,Left_U (10),U
3239,Right_U (10),U
3240,Below_U (11),U
3241,Front_U (11),U
3242,Left_U (11),U
3243,Right_U (11),U
3244,Below_U (12),U
3245,Front_U (12),U
3246,Left_U (12),U
3247,Right_U (12),U
3248,Below_U (13),U
3249,Front_U (13),U
3250,Left_U (13),U
3251,Right_U (13),U
3252,Below_U (14),U
3253,Front_U (14),U
3254,Left_U (14),U
3255,Right_U (14),U
3256,Below_U (15),U
3257,Front_U (15),U
3258,Left_U (15),U
3259,Right_U (15),U
3260,Below_U (16),U
3261,Front_U (16),U
3262,Left_U (16),U
3263,Right_U (16),U
3264,Below_U (17),U
3265,Front_U (17),U
3266,Left_U (17),U
3267,Right_U (17),U
3268,Below_U (18),U
3269,Front_U (18),U
3270,Left_U (18),U
3271,Right_U (18),U
3272,Below_U (19),U
3273,Front_U (19),U
3274,Left_U (19),U
3275,Right_U (19),U
3276,Below_U (20),U
3277,Front_U (20),U
3278,Left_U (20),U
3279,Right_U (20),U
3280,Below_U (21),U
3281,Front_U (21),U
3282,Left_U (21),U
3283,Right_U (21),U
3284,Below_U (22),U
3285,Front_U (22),U
3286,Left_U (22),U
3287,Right_U (22),U
3288,Below_U (23),U
3289,Front_U (23),U
3290,Left_U (23),U
3291,Right_U (23),U
3292,Below_U (24),U
3293,Front_U (24),U
3294,Left_U (24),U
3295,Right_U (24),U
3296,Below_U (25),U
3297,Front_U (25),U
3298,Left_U (25),U
3299,Right_U (25),U
3300,Below_U (26),U
3301,Front_U (26),U
3302,Left_U (26),U
3303,Right_U (26),U
3304,Below_U (27),U
3305,Front_U (27),U
3306,Left_U (27),U
3307,Right_U (27),U
3308,Below_U (28),U
3309,Front_U (28),U
3310,Left_U (28),U
3311,Right_U (28),U
3312,Below_U (29),U
3313,Front_U (29),U
3314,Left_U (29),U
3315,Right_U (29),U
3316,Below_U (30),U
3317,Front_U (30),U
3318,Left_U (30),U
3319,Right_U (30),U
3320,Below_U (31),U
3321,Front_U (31),U
3322,Left_U (31),U
3323,Right_U (31),U
3324,Below_U (32),U
3325,Front_U (32),U
3326,Left_U (32),U
3327,Right_U (32),U
3328,Below_U (33),U
3329,Front_U (33),U
3330,Left_U (33),U
3331,Right_U (33),U
3332,Below_U (34),U
3333,Front_U (34),U
3334,Left_U (34),U
3335,Right_U (34),U
3336,Below_U (35),U
3337,Front_U (35),U
3338,Left_U (35),U
3339,Right_U (35),U
3340,Below_U (36),U
3341,Front_U (36),U
3342,Left_U (36),U
3343,Right_U (36),U
3344,Below_U (37),U
3345,Front_U (37),U
3346,Left_U (37),U
3347,Right_U (37),U
3348,Below_U (38),U
3349,Front_U (38),U
3350,Left_U (38),U
3351,Right_U (38),U
3352,Below_U (39),U
3353,Front_U (39),U
3354,Left_U (39),U
3355,Right_U (39),U
3356,Below_U (40),U
3357,Front_U (40),U
3358,Left_U (40),U
3359,Right_U (40),U
3360,Below_V (1),V
3361,Front_V (1),V
3362,Left_V (1),V
3363,Right_V (1),V
3364,Below_V (2),V
3365,Front_V (2),V
3366,Left_V (2),V
3367,Right_V (2),V
3368,Below_V (3),V
3369,Front_V (3),V
3370,Left_V (3),V
3371,Right_V (3),V
3372,Below_V (4),V
3373,Front_V (4),V
3374,Left_V (4),V
3375,Right_V (4),V
3376,Below_V (5),V
3377,Front_V (5),V
3378,Left_V (5),V
3379,Right_V (5),V
3380,Below_V (6),V
3381,Front_V (6),V
3382,Left_V (6),V
3383,Right_V (6),V
3384,Below_V (7),V
3385,Front_V (7),V
3386,Left_V (7),V
3387,Right_V (7),V
3388,Below_V (8),V
3389,Front_V (8),V
3390,Left_V (8),V
3391,Right_V (8),V
3392,Below_V (9),V
3393,Front_V (9),V
3394,Left_V (9),V
3395,Right_V (9),V
3396,Below_V (10),V
3397,Front_V (10),V
3398,Left_V (10),V
3399,Right_V (10),V
3400,Below_V (11),V
3401,Front_V (11),V
3402,Left_V (11),V
3403,Right_V (11),V
3404,Below_V (12),V
3405,Front_V (12),V
3406,Left_V (12),V
3407,Right_V (12),V
3408,Below_V (13),V
3409,Front_V (13),V
3410,Left_V (13),V
3411,Right_V (13),V
3412,Below_V (14),V
3413,Front_V (14),V
3414,Left_V (14),V
3415,Right_V (14),V
3416,Below_V (15),V
3417,Front_V (15),V
3418,Left_V (15),V
3419,Right_V (15),V
3420,Below_V (16),V
3421,Front_V (16),V
3422,Left_V (16),V
3423,Right_V (16),V
3424,Below_V (17),V
3425,Front_V (17),V
3426,Left_V (17),V
3427,Right_V (17),V
3428,Below_V (18),V
3429,Front_V (18),V
3430,Left_V (18),V
3431,Right_V (18),V
3432,Below_V (19),V
3433,Front_V (19),V
3434,Left_V (19),V
3435,Right_V (19),V
3436,Below_V (20),V
3437,Front_V (20),V
3438,Left_V (20),V
3439,Right_V (20),V
3440,Below_V (21),V
3441,Front_V (21),V
3442,Left_V (21),V
3443,Right_V (21),V
3444,Below_V (22),V
3445,Front_V (22),V
3446,Left_V (22),V
3447,Right_V (22),V
3448,Below_V (23),V
3449,Front_V (23),V
3450,Left_V (23),V
3451,Right_V (23),V
3452,Below_V (24),V
3453,Front_V (24),V
3454,Left_V (24),V
3455,Right_V (24),V
3456,Below_V (25),V
3457,Front_V (25),V
3458,Left_V (25),V
3459,Right_V (25),V
3460,Below_V (26),V
3461,Front_V (26),V
3462,Left_V (26),V
3463,Right_V (26),V
3464,Below_V (27),V
3465,Front_V (27),V
3466,Left_V (27),V
3467,Right_V (27),V
3468,Below_V (28),V
3469,Front_V (28),V
3470,Left_V (28),V
3471,Right_V (28),V
3472,Below_V (29),V
3473,Front_V (29),V
3474,Left_V (29),V
3475,Right_V (29),V
3476,Below_V (30),V
3477,Front_V (30),V
3478,Left_V (30),V
3479,Right_V (30),V
3480,Below_V (31),V
3481,Front_V (31),V
3482,Left_V (31),V
3483,Right_V (31),V
3484,Below_V (32),V
3485,Front_V (32),V
3486,Left_V (32),V
3487,Right_V (32),V
3488,Below_V (33),V
3489,Front_V (33),V
3490,Left_V (33),V
3491,Right_V (33),V
3492,Below_V (34),V
3493,Front_V (34),V
3494,Left_V (34),V
3495,Right_V (34),V
3496,Below_V (35),V
3497,Front_V (35),V
3498,Left_V (35),V
3499,Right_V (35),V
3500,Below_V (36),V
3501,Front_V (36),V
3502,Left_V (36),V
3503,Right_V (36),V
3504,Below_V (37),V
3505,Front_V (37),V
3506,Left_V (37),V
3507,Right_V (37),V
3508,Below_V (38),V
3509,Front_V (38),V
3510,Left_V (38),V
3511,Right_V (38),V
3512,Below_V (39),V
3513,Front_V (39),V
3514,Left_V (39),V
3515,Right_V (39),V
3516,Below_V (40),V
3517,Front_V (40),V
3518,Left_V (40),V
3519,Right_V (40),V
3520,Below_W (1),W
3521,Front_W (1),W
3522,Left_W (1),W
3523,Right_W (1),W
3524,Below_W (2),W
3525,Front_W (2),W
3526,Left_W (2),W
3527,Right_W (2),W
3528,Below_W (3),W
3529,Front_W (3),W
3530,Left_W (3),W
3531,Right_W (3),W
3532,Below_W (4),W
3533,Front_W (4),W
3534,Left_W (4),W
3535,Right_W (4),W
3536,Below_W (5),W
3537,Front_W (5),W
3538,Left_W (5),W
3539,Right_W (5),W
3540,Below_W (6),W
3541,Front_W (6),W
3542,Left_W (6),W
3543,Right_W (6),W
3544,Below_W (7),W
3545,Front_W (7),W
3546,Left_W (7),W
3547,Right_W (7),W
3548,Below_W (8),W
3549,Front_W (8),W
3550,Left_W (8),W
3551,Right_W (8),W
3552,Below_W (9),W
3553,Front_W (9),W
3554,Left_W (9),W
3555,Right_W (9),W
3556,Below_W (10),W
3557,Front_W (10),W
3558,Left_W (10),W
3559,Right_W (10),W
3560,Below_W (11),W
3561,Front_W (11),W
3562,Left_W (11),W
3563,Right_W (11),W
3564,Below_W (12),W
3565,Front_W (12),W
3566,Left_W (12),W
3567,Right_W (12),W
3568,Below_W (13),W
3569,Front_W (13),W
3570,Left_W (13),W
3571,Right_W (13),W
3572,Below_W (14),W
3573,Front_W (14),W
3574,Left_W (14),W
3575,Right_W (14),W
3576,Below_W (15),W
3577,Front_W (15),W
3578,Left_W (15),W
3579,Right_W (15),W
3580,Below_W (16),W
3581,Front_W (16),W
3582,Left_W (16),W
3583,Right_W (16),W
3584,Below_W (17),W
3585,Front_W (17),W
3586,Left_W (17),W
3587,Right_W (17),W
3588,Below_W (18),W
3589,Front_W (18),W
3590,Left_W (18),W
3591,Right_W (18),W
3592,Below_W (19),W
3593,Front_W (19),W
3594,Left_W (19),W
3595,Right_W (19),W
3596,Below_W (20),W
3597,Front_W (20),W
3598,Left_W (20),W
3599,Right_W (20),W
3600,Below_W (21),W
3601,Front_W (21),W
3602,Left_W (21),W
3603,Right_W (21),W
3604,Below_W (22),W
3605,Front_W (22),W
3606,Left_W (22),W
3607,Right_W (22),W
3608,Below_W (23),W
3609,Front_W (23),W
3610,Left_W (23),W
3611,Right_W (23),W
3612,Below_W (24),W
3613,Front_W (24),W
3614,Left_W (24),W
3615,Right_W (24),W
3616,Below_W (25),W
3617,Front_W (25),W
3618,Left_W (25),W
3619,Right_W (25),W
3620,Below_W (26),W
3621,Front_W (26),W
3622,Left_W (26),W
3623,Right_W (26),W
3624,Below_W (27),W
3625,Front_W (27),W
3626,Left_W (27),W
3627,Right_W (27),W
3628,Below_W (28),W
3629,Front_W (28),W
3630,Left_W (28),W
3631,Right_W (28),W
3632,Below_W (29),W
3633,Front_W (29),W
3634,Left_W (29),W
3635,Right_W (29),W
3636,Below_W (30),W
3637,Front_W (30),W
3638,Left_W (30),W
3639,Right_W (30),W
3640,Below_W (31),W
3641,Front_W (31),W
3642,Left_W (31),W
3643,Right_W (31),W
3644,Below_W (32),W
3645,Front_W (32),W
3646,Left_W (32),W
3647,Right_W (32),W
3648,Below_W (33),W
3649,Front_W (33),W
3650,Left_W (33),W
3651,Right_W (33),W
3652,Below_W (34),W
3653,Front_W (34),W
3654,Left_W (34),W
3655,Right_W (34),W
3656,Below_W (35),W
3657,Front_W (35),W
3658,Left_W (35),W
3659,Right_W (35),W
3660,Below_W (36),W
3661,Front_W (36),W
3662,Left_W (36),W
3663,Right_W (36),W
3664,Below_W (37),W
3665,Front_W (37),W
3666,Left_W (37),W
3667,Right_W (37),W
3668,Below_W (38),W
3669,Front_W (38),W
3670,Left_W (38),W
3671,Right_W (38),W
3672,Below_W (39),W
3673,Front_W (39),W
3674,Left_W (39),W
3675,Right_W (39),W
3676,Below_W (40),W
3677,Front_W (40),W
3678,Left_W (40),W
3679,Right_W (40),W
3680,Below_X (1),X
3681,Front_X (1),X
3682,Left_X (1),X
3683,Right_X (1),X
3684,Below_X (2),X
3685,Front_X (2),X
3686,Left_X (2),X
3687,Right_X (2),X
3688,Below_X (3),X
3689,Front_X (3),X
3690,Left_X (3),X
3691,Right_X (3),X
3692,Below_X (4),X
3693,Front_X (4),X
3694,Left_X (4),X
3695,Right_X (4),X
3696,Below_X (5),X
3697,Front_X (5),X
3698,Left_X (5),X
3699,Right_X (5),X
3700,Below_X (6),X
3701,Front_X (6),X
3702,Left_X (6),X
3703,Right_X (6),X
3704,Below_X (7),X
3705,Front_X (7),X
3706,Left_X (7),X
3707,Right_X (7),X
3708,Below_X (8),X
3709,Front_X (8),X
3710,Left_X (8),X
3711,Right_X (8),X
3712,Below_X (9),X
3713,Front_X (9),X
3714,Left_X (9),X
3715,Right_X (9),X
3716,Below_X (10),X
3717,Front_X (10),X
3718,Left_X (10),X
3719,Right_X (10),X
3720,Below_X (11),X
3721,Front_X (11),X
3722,Left_X (11),X
3723,Right_X (11),X
3724,Below_X (12),X
3725,Front_X (12),X
3726,Left_X (12),X
3727,Right_X (12),X
3728,Below_X (13),X
3729,Front_X (13),X
3730,Left_X (13),X
3731,Right_X (13),X
3732,Below_X (14),X
3733,Front_X (14),X
3734,Left_X (14),X
3735,Right_X (14),X
3736,Below_X (15),X
3737,Front_X (15),X
3738,Left_X (15),X
3739,Right_X (15),X
3740,Below_X (16),X
3741,Front_X (16),X
3742,Left_X (16),X
3743,Right_X (16),X
3744,Below_X (17),X
3745,Front_X (17),X
3746,Left_X (17),X
3747,Right_X (17),X
3748,Below_X (18),X
3749,Front_X (18),X
3750,Left_X (18),X
3751,Right_X (18),X
3752,Below_X (19),X
3753,Front_X (19),X
3754,Left_X (19),X
3755,Right_X (19),X
3756,Below_X (20),X
3757,Front_X (20),X
3758,Left_X (20),X
3759,Right_X (20),X
3760,Below_X (21),X
3761,Front_X (21),X
3762,Left_X (21),X
3763,Right_X (21),X
3764,Below_X (22),X
3765,Front_X (22),X
3766,Left_X (22),X
3767,Right_X (22),X
3768,Below_X (23),X
3769,Front_X (23),X
3770,Left_X (23),X
3771,Right_X (23),X
3772,Below_X (24),X
3773,Front_X (24),X
3774,Left_X (24),X
3775,Right_X (24),X
3776,Below_X (25),X
3777,Front_X (25),X
3778,Left_X (25),X
3779,Right_X (25),X
3780,Below_X (26),X
3781,Front_X (26),X
3782,Left_X (26),X
3783,Right_X (26),X
3784,Below_X (27),X
3785,Front_X (27),X
3786,Left_X (27),X
3787,Right_X (27),X
3788,Below_X (28),X
3789,Front_X (28),X
3790,Left_X (28),X
3791,Right_X (28),X
3792,Below_X (29),X
3793,Front_X (29),X
3794,Left_X (29),X
3795,Right_X (29),X
3796,Below_X (30),X
3797,Front_X (30),X
3798,Left_X (30),X
3799,Right_X (30),X
3800,Below_X (31),X
3801,Front_X (31),X
3802,Left_X (31),X
3803,Right_X (31),X
3804,Below_X (32),X
3805,Front_X (32),X
3806,Left_X (32),X
3807,Right_X (32),X
3808,Below_X (33),X
3809,Front_X (33),X
3810,Left_X (33),X
3811,Right_X (33),X
3812,Below_X (34),X
3813,Front_X (34),X
3814,Left_X (34),X
3815,Right_X (34),X
3816,Below_X (35),X
3817,Front_X (35),X
3818,Left_X (35),X
3819,Right_X (35),X
3820,Below_X (36),X
3821,Front_X (36),X
3822,Left_X (36),X
3823,Right_X (36),X
3824,Below_X (37),X
3825,Front_X (37),X
3826,Left_X (37),X
3827,Right_X (37),X
3828,Below_X (38),X
3829,Front_X (38),X
3830,Left_X (38),X
3831,Right_X (38),X
3832,Below_X (39),X
3833,Front_X (39),X
3834,Left_X (39),X
3835,Right_X (39),X
3836,Below_X (40),X
3837,Front_X (40),X
3838,Left_X (40),X
3839,Right_X (40),X
3840,Below_Y (1),Y
3841,Front_Y (1),Y
3842,Left_Y (1),Y
3843,Right_Y (1),Y
3844,Below_Y (2),Y
3845,Front_Y (2),Y
3846,Left_Y (2),Y
3847,Right_Y (2),Y
3848,Below_Y (3),Y
3849,Front_Y (3),Y
3850,Left_Y (3),Y
3851,Right_Y (3),Y
3852,Below_Y (4),Y
3853,Front_Y (4),Y
3854,Left_Y (4),Y
3855,Right_Y (4),Y
3856,Below_Y (5),Y
3857,Front_Y (5),Y
3858,Left_Y (5),Y
3859,Right_Y (5),Y
3860,Below_Y (6),Y
3861,Front_Y (6),Y
3862,Left_Y (6),Y
3863,Right_Y (6),Y
3864,Below_Y (7),Y
3865,Front_Y (7),Y
3866,Left_Y (7),Y
3867,Right_Y (7),Y
3868,Below_Y (8),Y
3869,Front_Y (8),Y
3870,Left_Y (8),Y
3871,Right_Y (8),Y
3872,Below_Y (9),Y
3873,Front_Y (9),Y
3874,Left_Y (9),Y
3875,Right_Y (9),Y
3876,Below_Y (10),Y
3877,Front_Y (10),Y
3878,Left_Y (10),Y
3879,Right_Y (10),Y
3880,Below_Y (11),Y
3881,Front_Y (11),Y
3882,Left_Y (11),Y
3883,Right_Y (11),Y
3884,Below_Y (12),Y
3885,Front_Y (12),Y
3886,Left_Y (12),Y
3887,Right_Y (12),Y
3888,Below_Y (13),Y
3889,Front_Y (13),Y
3890,Left_Y (13),Y
3891,Right_Y (13),Y
3892,Below_Y (14),Y
3893,Front_Y (14),Y
3894,Left_Y (14),Y
3895,Right_Y (14),Y
3896,Below_Y (15),Y
3897,Front_Y (15),Y
3898,Left_Y (15),Y
3899,Right_Y (15),Y
3900,Below_Y (16),Y
3901,Front_Y (16),Y
3902,Left_Y (16),Y
3903,Right_Y (16),Y
3904,Below_Y (17),Y
3905,Front_Y (17),Y
3906,Left_Y (17),Y
3907,Right_Y (17),Y
3908,Below_Y (18),Y
3909,Front_Y (18),Y
3910,Left_Y (18),Y
3911,Right_Y (18),Y
3912,Below_Y (19),Y
3913,Front_Y (19),Y
3914,Left_Y (19),Y
3915,Right_Y (19),Y
3916,Below_Y (20),Y
3917,Front_Y (20),Y
3918,Left_Y (20),Y
3919,Right_Y (20),Y
3920,Below_Y (21),Y
3921,Front_Y (21),Y
3922,Left_Y (21),Y
3923,Right_Y (21),Y
3924,Below_Y (22),Y
3925,Front_Y (22),Y
3926,Left_Y (22),Y
3927,Right_Y (22),Y
3928,Below_Y (23),Y
3929,Front_Y (23),Y
3930,Left_Y (23),Y
3931,Right_Y (23),Y
3932,Below_Y (24),Y
3933,Front_Y (24),Y
3934,Left_Y (24),Y
3935,Right_Y (24),Y
3936,Below_Y (25),Y
3937,Front_Y (25),Y
3938,Left_Y (25),Y
3939,Right_Y (25),Y
3940,Below_Y (26),Y
3941,Front_Y (26),Y
3942,Left_Y (26),Y
3943,Right_Y (26),Y
3944,Below_Y (27),Y
3945,Front_Y (27),Y
3946,Left_Y (27),Y
3947,Right_Y (27),Y
3948,Below_Y (28),Y
3949,Front_Y (28),Y
3950,Left_Y (28),Y
3951,Right_Y (28),Y
3952,Below_Y (29),Y
3953,Front_Y (29),Y
3954,Left_Y (29),Y
3955,Right_Y (29),Y
3956,Below_Y (30),Y
3957,Front_Y (30),Y
3958,Left_Y (30),Y
3959,Right_Y (30),Y
3960,Below_Y (31),Y
3961,Front_Y (31),Y
3962,Left_Y (31),Y
3963,Right_Y (31),Y
3964,Below_Y (32),Y
3965,Front_Y (32),Y
3966,Left_Y (32),Y
3967,Right_Y (32),Y
3968,Below_Y (33),Y
3969,Front_Y (33),Y
3970,Left_Y (33),Y
3971,Right_Y (33),Y
3972,Below_Y (34),Y
3973,Front_Y (34),Y
3974,Left_Y (34),Y
3975,Right_Y (34),Y
3976,Below_Y (35),Y
3977,Front_Y (35),Y
3978,Left_Y (35),Y
3979,Right_Y (35),Y
3980,Below_Y (36),Y
3981,Front_Y (36),Y
3982,Left_Y (36),Y
3983,Right_Y (36),Y
3984,Below_Y (37),Y
3985,Front_Y (37),Y
3986,Left_Y (37),Y
3987,Right_Y (37),Y
3988,Below_Y (38),Y
3989,Front_Y (38),Y
3990,Left_Y (38),Y
3991,Right_Y (38),Y
3992,Below_Y (39),Y
3993,Front_Y (39),Y
3994,Left_Y (39),Y
3995,Right_Y (39),Y
3996,Below_Y (40),Y
3997,Front_Y (40),Y
3998,Left_Y (40),Y
3999,Right_Y (40),Y
4000,Below_Z (1),Z
4001,Front_Z (1),Z
4002,Left_Z (1),Z
4003,Right_Z (1),Z
4004,Below_Z (2),Z
4005,Front_Z (2),Z
4006,Left_Z (2),Z
4007,Right_Z (2),Z
4008,Below_Z (3),Z
4009,Front_Z (3),Z
4010,Left_Z (3),Z
4011,Right_Z (3),Z
4012,Below_Z (4),Z
4013,Front_Z (4),Z
4014,Left_Z (4),Z
4015,Right_Z (4),Z
4016,Below_Z (5),Z
4017,Front_Z (5),Z
4018,Left_Z (5),Z
4019,Right_Z (5),Z
4020,Below_Z (6),Z
4021,Front_Z (6),Z
4022,Left_Z (6),Z
4023,Right_Z (6),Z
4024,Below_Z (7),Z
4025,Front_Z (7),Z
4026,Left_Z (7),Z
4027,Right_Z (7),Z
4028,Below_Z (8),Z
4029,Front_Z (8),Z
4030,Left_Z (8),Z
4031,Right_Z (8),Z
4032,Below_Z (9),Z
4033,Front_Z (9),Z
4034,Left_Z (9),Z
4035,Right_Z (9),Z
4036,Below_Z (10),Z
4037,Front_Z (10),Z
4038,Left_Z (10),Z
4039,Right_Z (10),Z
4040,Below_Z (11),Z
4041,Front_Z (11),Z
4042,Left_Z (11),Z
4043,Right_Z (11),Z
4044,Below_Z (12),Z
4045,Front_Z (12),Z
4046,Left_Z (12),Z
4047,Right_Z (12),Z
4048,Below_Z (13),Z
4049,Front_Z (13),Z
4050,Left_Z (13),Z
4051,Right_Z (13),Z
4052,Below_Z (14),Z
4053,Front_Z (14),Z
4054,Left_Z (14),Z
4055,Right_Z (14),Z
4056,Below_Z (15),Z
4057,Front_Z (15),Z
4058,Left_Z (15),Z
4059,Right_Z (15),Z
4060,Below_Z (16),Z
4061,Front_Z (16),Z
4062,Left_Z (16),Z
4063,Right_Z (16),Z
4064,Below_Z (17),Z
4065,Front_Z (17),Z
4066,Left_Z (17),Z
4067,Right_Z (17),Z
4068,Below_Z (18),Z
4069,Front_Z (18),Z
4070,Left_Z (18),Z
4071,Right_Z (18),Z
4072,Below_Z (19),Z
4073,Front_Z (19),Z
4074,Left_Z (19),Z
4075,Right_Z (19),Z
4076,Below_Z (20),Z
4077,Front_Z (20),Z
4078,Left_Z (20),Z
4079,Right_Z (20),Z
4080,Below_Z (21),Z
4081,Front_Z (21),Z
4082,Left_Z (21),Z
4083,Right_Z (21),Z
4084,Below_Z (22),Z
4085,Front_Z (22),Z
4086,Left_Z (22),Z
4087,Right_Z (22),Z
4088,Below_Z (23),Z
4089,Front_Z (23),Z
4090,Left_Z (23),Z
4091,Right_Z (23),Z
4092,Below_Z (24),Z
4093,Front_Z (24),Z
4094,Left_Z (24),Z
4095,Right_Z (24),Z
4096,Below_Z (25),Z
4097,Front_Z (25),Z
4098,Left_Z (25),Z
4099,Right_Z (25),Z
4100,Below_Z (26),Z
4101,Front_Z (26),Z
4102,Left_Z (26),Z
4103,Right_Z (26),Z
4104,Below_Z (27),Z
4105,Front_Z (27),Z
4106,Left_Z (27),Z
4107,Right_Z (27),Z
4108,Below_Z (28),Z
4109,Front_Z (28),Z
4110,Left_Z (28),Z
4111,Right_Z (28),Z
4112,Below_Z (29),Z
4113,Front_Z (29),Z
4114,Left_Z (29),Z
4115,Right_Z (29),Z
4116,Below_Z (30),Z
4117,Front_Z (30),Z
4118,Left_Z (30),Z
4119,Right_Z (30),Z
4120,Below_Z (31),Z
4121,Front_Z (31),Z
4122,Left_Z (31),Z
4123,Right_Z (31),Z
4124,Below_Z (32),Z
4125,Front_Z (32),Z
4126,Left_Z (32),Z
4127,Right_Z (32),Z
4128,Below_Z (33),Z
4129,Front_Z (33),Z
4130,Left_Z (33),Z
4131,Right_Z (33),Z
4132,Below_Z (34),Z
4133,Front_Z (34),Z
4134,Left_Z (34),Z
4135,Right_Z (34),Z
4136,Below_Z (35),Z
4137,Front_Z (35),Z
4138,Left_Z (35),Z
4139,Right_Z (35),Z
4140,Below_Z (36),Z
4141,Front_Z (36),Z
4142,Left_Z (36),Z
4143,Right_Z (36),Z
4144,Below_Z (37),Z
4145,Front_Z (37),Z
4146,Left_Z (37),Z
4147,Right_Z (37),Z
4148,Below_Z (38),Z
4149,Front_Z (38),Z
4150,Left_Z (38),Z
4151,Right_Z (38),Z
4152,Below_Z (39),Z
4153,Front_Z (39),Z
4154,Left_Z (39),Z
4155,Right_Z (39),Z
4156,Below_Z (40),Z
4157,Front_Z (40),Z
4158,Left_Z (40),Z
4159,Right_Z (40),Z
